disasterNumber,fyDeclared,incidentType,declarationTitle,ihProgramDeclared,iaProgramDeclared,paProgramDeclared,hmProgramDeclared,fipsCountyCode,placeCode,designatedArea,declaration_date,incident_begin,incident_end,
1344,2001,Severe Storm(s),TROPICAL STORM HELENE,0,0,1,1,13,99013,Calhoun (County),11233,11221,11234,
1344,2001,Severe Storm(s),TROPICAL STORM HELENE,0,0,1,1,5,99005,Bay (County),11233,11221,11234,
1344,2001,Severe Storm(s),TROPICAL STORM HELENE,0,0,1,1,73,99073,Leon (County),11233,11221,11234,
1344,2001,Severe Storm(s),TROPICAL STORM HELENE,0,0,1,1,33,99033,Escambia (County),11233,11221,11234,
1344,2001,Severe Storm(s),TROPICAL STORM HELENE,0,0,1,1,37,99037,Franklin (County),11233,11221,11234,
1344,2001,Severe Storm(s),TROPICAL STORM HELENE,0,0,1,1,129,99129,Wakulla (County),11233,11221,11234,
1345,2001,Severe Storm(s),SEVERE STORMS AND FLOODING,0,1,0,1,87,99087,Monroe (County),11234,11234,11241,
1345,2001,Severe Storm(s),SEVERE STORMS AND FLOODING,0,1,0,1,21,99021,Collier (County),11234,11234,11241,
1344,2001,Severe Storm(s),TROPICAL STORM HELENE,0,0,1,1,65,99065,Jefferson (County),11233,11221,11234,
1345,2001,Severe Storm(s),SEVERE STORMS AND FLOODING,0,1,1,1,86,99025,Dade (County),11234,11234,11241,
1345,2001,Severe Storm(s),SEVERE STORMS AND FLOODING,0,1,1,1,11,99011,Broward (County),11234,11234,11241,
1393,2001,Coastal Storm,"SEVERE STORMS, TORNADOES AND FLOODING ASSOCIATED WITH TROPICAL STORM GABRIELLE",0,0,1,1,81,99081,Manatee (County),11593,11578,11586,
1393,2001,Coastal Storm,"SEVERE STORMS, TORNADOES AND FLOODING ASSOCIATED WITH TROPICAL STORM GABRIELLE",0,0,1,0,55,99055,Highlands (County),11593,11578,11586,
1381,2001,Severe Storm(s),TROPICAL STORM ALLISON,0,1,1,1,129,99129,Wakulla (County),11490,11484,11488,
1381,2001,Severe Storm(s),TROPICAL STORM ALLISON,0,0,1,1,59,99059,Holmes (County),11490,11484,11488,
1344,2001,Severe Storm(s),TROPICAL STORM HELENE,0,0,1,1,91,99091,Okaloosa (County),11233,11221,11234,
1344,2001,Severe Storm(s),TROPICAL STORM HELENE,0,0,1,1,45,99045,Gulf (County),11233,11221,11234,
1381,2001,Severe Storm(s),TROPICAL STORM ALLISON,0,1,1,1,65,99065,Jefferson (County),11490,11484,11488,
1393,2001,Coastal Storm,"SEVERE STORMS, TORNADOES AND FLOODING ASSOCIATED WITH TROPICAL STORM GABRIELLE",0,0,1,0,21,99021,Collier (County),11593,11578,11586,
1393,2001,Coastal Storm,"SEVERE STORMS, TORNADOES AND FLOODING ASSOCIATED WITH TROPICAL STORM GABRIELLE",0,0,1,1,35,99035,Flagler (County),11593,11578,11586,
1393,2001,Coastal Storm,"SEVERE STORMS, TORNADOES AND FLOODING ASSOCIATED WITH TROPICAL STORM GABRIELLE",0,0,1,1,49,99049,Hardee (County),11593,11578,11586,
1393,2001,Coastal Storm,"SEVERE STORMS, TORNADOES AND FLOODING ASSOCIATED WITH TROPICAL STORM GABRIELLE",0,0,1,1,27,99027,DeSoto (County),11593,11578,11586,
1381,2001,Severe Storm(s),TROPICAL STORM ALLISON,0,1,1,1,73,99073,Leon (County),11490,11484,11488,
1381,2001,Severe Storm(s),TROPICAL STORM ALLISON,0,0,1,1,13,99013,Calhoun (County),11490,11484,11488,
1393,2001,Coastal Storm,"SEVERE STORMS, TORNADOES AND FLOODING ASSOCIATED WITH TROPICAL STORM GABRIELLE",0,0,1,1,15,99015,Charlotte (County),11593,11578,11586,
1393,2001,Coastal Storm,"SEVERE STORMS, TORNADOES AND FLOODING ASSOCIATED WITH TROPICAL STORM GABRIELLE",0,0,1,1,109,99109,St. Johns (County),11593,11578,11586,
1381,2001,Severe Storm(s),TROPICAL STORM ALLISON,0,1,1,0,39,99039,Gadsden (County),11490,11484,11488,
1393,2001,Coastal Storm,"SEVERE STORMS, TORNADOES AND FLOODING ASSOCIATED WITH TROPICAL STORM GABRIELLE",0,0,1,1,115,99115,Sarasota (County),11593,11578,11586,
1393,2001,Coastal Storm,"SEVERE STORMS, TORNADOES AND FLOODING ASSOCIATED WITH TROPICAL STORM GABRIELLE",0,0,1,0,71,99071,Lee (County),11593,11578,11586,
1381,2001,Severe Storm(s),TROPICAL STORM ALLISON,0,1,1,1,77,99077,Liberty (County),11490,11484,11488,
1381,2001,Severe Storm(s),TROPICAL STORM ALLISON,0,0,1,1,5,99005,Bay (County),11490,11484,11488,
1381,2001,Severe Storm(s),TROPICAL STORM ALLISON,0,0,1,0,133,99133,Washington (County),11490,11484,11488,
1393,2001,Coastal Storm,"SEVERE STORMS, TORNADOES AND FLOODING ASSOCIATED WITH TROPICAL STORM GABRIELLE",0,0,1,0,107,99107,Putnam (County),11593,11578,11586,
1460,2003,Severe Storm(s),SEVERE STORMS AND TORNADOES,1,1,0,1,86,99086,Miami-Dade (County),12167,12138,12139,
1481,2003,Severe Storm(s),SEVERE STORMS AND FLOODING,0,0,1,1,15,99015,Charlotte (County),12262,12216,12286,
1481,2003,Severe Storm(s),SEVERE STORMS AND FLOODING,0,0,1,1,75,99075,Levy (County),12262,12216,12286,
1481,2003,Severe Storm(s),SEVERE STORMS AND FLOODING,0,0,1,1,115,99115,Sarasota (County),12262,12216,12286,
1481,2003,Severe Storm(s),SEVERE STORMS AND FLOODING,0,0,1,1,27,99027,DeSoto (County),12262,12216,12286,
1481,2003,Severe Storm(s),SEVERE STORMS AND FLOODING,0,0,1,0,101,99101,Pasco (County),12262,12216,12286,
1481,2003,Severe Storm(s),SEVERE STORMS AND FLOODING,0,0,1,0,53,99053,Hernando (County),12262,12216,12286,
1481,2003,Severe Storm(s),SEVERE STORMS AND FLOODING,0,0,1,1,81,99081,Manatee (County),12262,12216,12286,
1481,2003,Severe Storm(s),SEVERE STORMS AND FLOODING,0,0,1,1,49,99049,Hardee (County),12262,12216,12286,
1481,2003,Severe Storm(s),SEVERE STORMS AND FLOODING,0,0,1,0,123,99123,Taylor (County),12262,12216,12286,
1481,2003,Severe Storm(s),SEVERE STORMS AND FLOODING,0,0,1,0,29,99029,Dixie (County),12262,12216,12286,
1481,2003,Severe Storm(s),SEVERE STORMS AND FLOODING,0,0,1,1,17,99017,Citrus (County),12262,12216,12286,
1539,2004,Hurricane,TROPICAL STORM BONNIE AND HURRICANE CHARLEY,0,0,1,1,131,99131,Walton (County),12643,12641,12660,
1539,2004,Hurricane,TROPICAL STORM BONNIE AND HURRICANE CHARLEY,0,0,1,1,1,99001,Alachua (County),12643,12641,12660,
1539,2004,Hurricane,TROPICAL STORM BONNIE AND HURRICANE CHARLEY,0,0,1,1,19,99019,Clay (County),12643,12641,12660,
1539,2004,Hurricane,TROPICAL STORM BONNIE AND HURRICANE CHARLEY,1,1,1,1,93,99093,Okeechobee (County),12643,12641,12660,
1539,2004,Hurricane,TROPICAL STORM BONNIE AND HURRICANE CHARLEY,0,0,1,1,121,99121,Suwannee (County),12643,12641,12660,
1539,2004,Hurricane,TROPICAL STORM BONNIE AND HURRICANE CHARLEY,0,0,1,1,13,99013,Calhoun (County),12643,12641,12660,
1539,2004,Hurricane,TROPICAL STORM BONNIE AND HURRICANE CHARLEY,0,0,1,1,47,99047,Hamilton (County),12643,12641,12660,
1539,2004,Hurricane,TROPICAL STORM BONNIE AND HURRICANE CHARLEY,0,0,1,1,17,99017,Citrus (County),12643,12641,12660,
1539,2004,Hurricane,TROPICAL STORM BONNIE AND HURRICANE CHARLEY,0,0,1,1,5,99005,Bay (County),12643,12641,12660,
1539,2004,Hurricane,TROPICAL STORM BONNIE AND HURRICANE CHARLEY,0,0,1,1,79,99079,Madison (County),12643,12641,12660,
1539,2004,Hurricane,TROPICAL STORM BONNIE AND HURRICANE CHARLEY,0,0,1,1,91,99091,Okaloosa (County),12643,12641,12660,
1539,2004,Hurricane,TROPICAL STORM BONNIE AND HURRICANE CHARLEY,0,0,1,1,39,99039,Gadsden (County),12643,12641,12660,
1539,2004,Hurricane,TROPICAL STORM BONNIE AND HURRICANE CHARLEY,0,0,1,1,85,99085,Martin (County),12643,12641,12660,
1539,2004,Hurricane,TROPICAL STORM BONNIE AND HURRICANE CHARLEY,0,0,1,1,65,99065,Jefferson (County),12643,12641,12660,
1539,2004,Hurricane,TROPICAL STORM BONNIE AND HURRICANE CHARLEY,0,0,1,1,41,99041,Gilchrist (County),12643,12641,12660,
1539,2004,Hurricane,TROPICAL STORM BONNIE AND HURRICANE CHARLEY,0,0,1,1,57,99057,Hillsborough (County),12643,12641,12660,
1539,2004,Hurricane,TROPICAL STORM BONNIE AND HURRICANE CHARLEY,1,1,1,1,87,99087,Monroe (County),12643,12641,12660,
1539,2004,Hurricane,TROPICAL STORM BONNIE AND HURRICANE CHARLEY,1,1,1,1,35,99035,Flagler (County),12643,12641,12660,
1539,2004,Hurricane,TROPICAL STORM BONNIE AND HURRICANE CHARLEY,1,1,1,1,81,99081,Manatee (County),12643,12641,12660,
1539,2004,Hurricane,TROPICAL STORM BONNIE AND HURRICANE CHARLEY,0,0,1,1,11,99011,Broward (County),12643,12641,12660,
1539,2004,Hurricane,TROPICAL STORM BONNIE AND HURRICANE CHARLEY,0,0,1,1,67,99067,Lafayette (County),12643,12641,12660,
1539,2004,Hurricane,TROPICAL STORM BONNIE AND HURRICANE CHARLEY,0,0,1,1,125,99125,Union (County),12643,12641,12660,
1539,2004,Hurricane,TROPICAL STORM BONNIE AND HURRICANE CHARLEY,0,0,1,1,111,99111,St. Lucie (County),12643,12641,12660,
1539,2004,Hurricane,TROPICAL STORM BONNIE AND HURRICANE CHARLEY,0,0,1,1,59,99059,Holmes (County),12643,12641,12660,
1539,2004,Hurricane,TROPICAL STORM BONNIE AND HURRICANE CHARLEY,0,0,1,1,113,99113,Santa Rosa (County),12643,12641,12660,
1545,2004,Hurricane,HURRICANE FRANCES,0,0,1,1,77,99077,Liberty (County),12665,12664,12699,
1539,2004,Hurricane,TROPICAL STORM BONNIE AND HURRICANE CHARLEY,1,1,1,1,97,99097,Osceola (County),12643,12641,12660,
1539,2004,Hurricane,TROPICAL STORM BONNIE AND HURRICANE CHARLEY,1,1,1,1,101,99101,Pasco (County),12643,12641,12660,
1545,2004,Hurricane,HURRICANE FRANCES,0,0,1,1,133,99133,Washington (County),12665,12664,12699,
1545,2004,Hurricane,HURRICANE FRANCES,0,0,1,1,21,99021,Collier (County),12665,12664,12699,
1539,2004,Hurricane,TROPICAL STORM BONNIE AND HURRICANE CHARLEY,1,1,1,1,117,99117,Seminole (County),12643,12641,12660,
1539,2004,Hurricane,TROPICAL STORM BONNIE AND HURRICANE CHARLEY,1,1,1,1,95,99095,Orange (County),12643,12641,12660,
1539,2004,Hurricane,TROPICAL STORM BONNIE AND HURRICANE CHARLEY,0,0,1,1,129,99129,Wakulla (County),12643,12641,12660,
1539,2004,Hurricane,TROPICAL STORM BONNIE AND HURRICANE CHARLEY,0,0,1,1,123,99123,Taylor (County),12643,12641,12660,
1539,2004,Hurricane,TROPICAL STORM BONNIE AND HURRICANE CHARLEY,1,1,1,1,9,99009,Brevard (County),12643,12641,12660,
1539,2004,Hurricane,TROPICAL STORM BONNIE AND HURRICANE CHARLEY,0,0,1,1,73,99073,Leon (County),12643,12641,12660,
1539,2004,Hurricane,TROPICAL STORM BONNIE AND HURRICANE CHARLEY,1,1,1,1,15,99015,Charlotte (County),12643,12641,12660,
1539,2004,Hurricane,TROPICAL STORM BONNIE AND HURRICANE CHARLEY,1,1,1,1,109,99109,St. Johns (County),12643,12641,12660,
1539,2004,Hurricane,TROPICAL STORM BONNIE AND HURRICANE CHARLEY,0,0,1,1,99,99099,Palm Beach (County),12643,12641,12660,
1539,2004,Hurricane,TROPICAL STORM BONNIE AND HURRICANE CHARLEY,1,1,1,1,29,99029,Dixie (County),12643,12641,12660,
1539,2004,Hurricane,TROPICAL STORM BONNIE AND HURRICANE CHARLEY,1,1,1,1,21,99021,Collier (County),12643,12641,12660,
1539,2004,Hurricane,TROPICAL STORM BONNIE AND HURRICANE CHARLEY,1,1,1,1,31,99031,Duval (County),12643,12641,12660,
1539,2004,Hurricane,TROPICAL STORM BONNIE AND HURRICANE CHARLEY,1,1,1,1,27,99027,DeSoto (County),12643,12641,12660,
1539,2004,Hurricane,TROPICAL STORM BONNIE AND HURRICANE CHARLEY,1,1,1,1,43,99043,Glades (County),12643,12641,12660,
1539,2004,Hurricane,TROPICAL STORM BONNIE AND HURRICANE CHARLEY,1,1,1,1,49,99049,Hardee (County),12643,12641,12660,
1539,2004,Hurricane,TROPICAL STORM BONNIE AND HURRICANE CHARLEY,1,1,1,1,115,99115,Sarasota (County),12643,12641,12660,
1539,2004,Hurricane,TROPICAL STORM BONNIE AND HURRICANE CHARLEY,1,1,1,1,51,99051,Hendry (County),12643,12641,12660,
1539,2004,Hurricane,TROPICAL STORM BONNIE AND HURRICANE CHARLEY,0,0,1,1,23,99023,Columbia (County),12643,12641,12660,
1539,2004,Hurricane,TROPICAL STORM BONNIE AND HURRICANE CHARLEY,1,1,1,1,61,99061,Indian River (County),12643,12641,12660,
1539,2004,Hurricane,TROPICAL STORM BONNIE AND HURRICANE CHARLEY,0,0,1,1,63,99063,Jackson (County),12643,12641,12660,
1539,2004,Hurricane,TROPICAL STORM BONNIE AND HURRICANE CHARLEY,1,1,1,1,71,99071,Lee (County),12643,12641,12660,
1539,2004,Hurricane,TROPICAL STORM BONNIE AND HURRICANE CHARLEY,0,0,1,1,83,99083,Marion (County),12643,12641,12660,
1539,2004,Hurricane,TROPICAL STORM BONNIE AND HURRICANE CHARLEY,1,1,1,1,127,99127,Volusia (County),12643,12641,12660,
1539,2004,Hurricane,TROPICAL STORM BONNIE AND HURRICANE CHARLEY,1,1,1,1,75,99075,Levy (County),12643,12641,12660,
1539,2004,Hurricane,TROPICAL STORM BONNIE AND HURRICANE CHARLEY,1,1,1,1,55,99055,Highlands (County),12643,12641,12660,
1539,2004,Hurricane,TROPICAL STORM BONNIE AND HURRICANE CHARLEY,0,0,1,1,107,99107,Putnam (County),12643,12641,12660,
1539,2004,Hurricane,TROPICAL STORM BONNIE AND HURRICANE CHARLEY,0,0,1,1,33,99033,Escambia (County),12643,12641,12660,
1539,2004,Hurricane,TROPICAL STORM BONNIE AND HURRICANE CHARLEY,0,0,1,1,133,99133,Washington (County),12643,12641,12660,
1539,2004,Hurricane,TROPICAL STORM BONNIE AND HURRICANE CHARLEY,0,0,1,1,86,99086,Miami-Dade (County),12643,12641,12660,
1539,2004,Hurricane,TROPICAL STORM BONNIE AND HURRICANE CHARLEY,0,0,1,1,119,99119,Sumter (County),12643,12641,12660,
1539,2004,Hurricane,TROPICAL STORM BONNIE AND HURRICANE CHARLEY,0,0,1,1,89,99089,Nassau (County),12643,12641,12660,
1539,2004,Hurricane,TROPICAL STORM BONNIE AND HURRICANE CHARLEY,0,0,1,1,53,99053,Hernando (County),12643,12641,12660,
1539,2004,Hurricane,TROPICAL STORM BONNIE AND HURRICANE CHARLEY,0,0,1,1,37,99037,Franklin (County),12643,12641,12660,
1539,2004,Hurricane,TROPICAL STORM BONNIE AND HURRICANE CHARLEY,1,1,1,1,105,99105,Polk (County),12643,12641,12660,
1539,2004,Hurricane,TROPICAL STORM BONNIE AND HURRICANE CHARLEY,0,0,1,1,77,99077,Liberty (County),12643,12641,12660,
1539,2004,Hurricane,TROPICAL STORM BONNIE AND HURRICANE CHARLEY,0,0,1,1,7,99007,Bradford (County),12643,12641,12660,
1539,2004,Hurricane,TROPICAL STORM BONNIE AND HURRICANE CHARLEY,1,1,1,1,69,99069,Lake (County),12643,12641,12660,
1539,2004,Hurricane,TROPICAL STORM BONNIE AND HURRICANE CHARLEY,0,0,1,1,3,99003,Baker (County),12643,12641,12660,
1539,2004,Hurricane,TROPICAL STORM BONNIE AND HURRICANE CHARLEY,0,0,1,1,103,99103,Pinellas (County),12643,12641,12660,
1539,2004,Hurricane,TROPICAL STORM BONNIE AND HURRICANE CHARLEY,0,0,1,1,45,99045,Gulf (County),12643,12641,12660,
1545,2004,Hurricane,HURRICANE FRANCES,1,1,1,1,89,99089,Nassau (County),12665,12664,12699,
1545,2004,Hurricane,HURRICANE FRANCES,1,1,1,1,86,99086,Miami-Dade (County),12665,12664,12699,
1545,2004,Hurricane,HURRICANE FRANCES,1,1,1,1,111,99111,St. Lucie (County),12665,12664,12699,
1545,2004,Hurricane,HURRICANE FRANCES,1,1,1,1,51,99051,Hendry (County),12665,12664,12699,
1545,2004,Hurricane,HURRICANE FRANCES,1,1,1,1,7,99007,Bradford (County),12665,12664,12699,
1545,2004,Hurricane,HURRICANE FRANCES,1,1,1,1,107,99107,Putnam (County),12665,12664,12699,
1545,2004,Hurricane,HURRICANE FRANCES,1,1,1,1,75,99075,Levy (County),12665,12664,12699,
1545,2004,Hurricane,HURRICANE FRANCES,1,1,1,1,17,99017,Citrus (County),12665,12664,12699,
1545,2004,Hurricane,HURRICANE FRANCES,1,1,1,1,27,99027,DeSoto (County),12665,12664,12699,
1545,2004,Hurricane,HURRICANE FRANCES,1,1,1,1,41,99041,Gilchrist (County),12665,12664,12699,
1545,2004,Hurricane,HURRICANE FRANCES,1,1,1,1,55,99055,Highlands (County),12665,12664,12699,
1545,2004,Hurricane,HURRICANE FRANCES,1,1,1,1,57,99057,Hillsborough (County),12665,12664,12699,
1545,2004,Hurricane,HURRICANE FRANCES,1,1,1,1,117,99117,Seminole (County),12665,12664,12699,
1545,2004,Hurricane,HURRICANE FRANCES,1,1,1,1,109,99109,St. Johns (County),12665,12664,12699,
1545,2004,Hurricane,HURRICANE FRANCES,1,1,1,1,11,99011,Broward (County),12665,12664,12699,
1545,2004,Hurricane,HURRICANE FRANCES,1,1,1,1,61,99061,Indian River (County),12665,12664,12699,
1545,2004,Hurricane,HURRICANE FRANCES,1,1,1,1,53,99053,Hernando (County),12665,12664,12699,
1545,2004,Hurricane,HURRICANE FRANCES,1,1,1,1,103,99103,Pinellas (County),12665,12664,12699,
1545,2004,Hurricane,HURRICANE FRANCES,1,1,1,1,9,99009,Brevard (County),12665,12664,12699,
1545,2004,Hurricane,HURRICANE FRANCES,1,1,1,1,95,99095,Orange (County),12665,12664,12699,
1545,2004,Hurricane,HURRICANE FRANCES,1,1,1,1,15,99015,Charlotte (County),12665,12664,12699,
1545,2004,Hurricane,HURRICANE FRANCES,1,1,1,1,19,99019,Clay (County),12665,12664,12699,
1545,2004,Hurricane,HURRICANE FRANCES,1,1,1,1,3,99003,Baker (County),12665,12664,12699,
1545,2004,Hurricane,HURRICANE FRANCES,1,1,1,1,31,99031,Duval (County),12665,12664,12699,
1545,2004,Hurricane,HURRICANE FRANCES,0,0,1,1,13,99013,Calhoun (County),12665,12664,12699,
1545,2004,Hurricane,HURRICANE FRANCES,1,1,1,1,29,99029,Dixie (County),12665,12664,12699,
1545,2004,Hurricane,HURRICANE FRANCES,0,0,1,1,33,99033,Escambia (County),12665,12664,12699,
1545,2004,Hurricane,HURRICANE FRANCES,0,0,1,1,39,99039,Gadsden (County),12665,12664,12699,
1545,2004,Hurricane,HURRICANE FRANCES,1,1,1,1,43,99043,Glades (County),12665,12664,12699,
1545,2004,Hurricane,HURRICANE FRANCES,0,0,1,1,91,99091,Okaloosa (County),12665,12664,12699,
1545,2004,Hurricane,HURRICANE FRANCES,0,0,1,1,37,99037,Franklin (County),12665,12664,12699,
1545,2004,Hurricane,HURRICANE FRANCES,0,0,1,1,65,99065,Jefferson (County),12665,12664,12699,
1545,2004,Hurricane,HURRICANE FRANCES,0,0,1,1,59,99059,Holmes (County),12665,12664,12699,
1545,2004,Hurricane,HURRICANE FRANCES,0,0,1,1,63,99063,Jackson (County),12665,12664,12699,
1545,2004,Hurricane,HURRICANE FRANCES,0,0,1,1,67,99067,Lafayette (County),12665,12664,12699,
1545,2004,Hurricane,HURRICANE FRANCES,1,1,1,1,1,99001,Alachua (County),12665,12664,12699,
1545,2004,Hurricane,HURRICANE FRANCES,0,0,1,1,73,99073,Leon (County),12665,12664,12699,
1545,2004,Hurricane,HURRICANE FRANCES,0,0,1,1,79,99079,Madison (County),12665,12664,12699,
1545,2004,Hurricane,HURRICANE FRANCES,1,1,1,1,35,99035,Flagler (County),12665,12664,12699,
1545,2004,Hurricane,HURRICANE FRANCES,0,0,1,1,45,99045,Gulf (County),12665,12664,12699,
1545,2004,Hurricane,HURRICANE FRANCES,0,0,1,1,113,99113,Santa Rosa (County),12665,12664,12699,
1545,2004,Hurricane,HURRICANE FRANCES,0,0,1,1,123,99123,Taylor (County),12665,12664,12699,
1545,2004,Hurricane,HURRICANE FRANCES,0,0,1,1,129,99129,Wakulla (County),12665,12664,12699,
1545,2004,Hurricane,HURRICANE FRANCES,0,0,1,1,131,99131,Walton (County),12665,12664,12699,
1545,2004,Hurricane,HURRICANE FRANCES,0,0,1,1,87,99087,Monroe (County),12665,12664,12699,
1545,2004,Hurricane,HURRICANE FRANCES,0,0,1,1,47,99047,Hamilton (County),12665,12664,12699,
1545,2004,Hurricane,HURRICANE FRANCES,0,0,1,1,5,99005,Bay (County),12665,12664,12699,
1545,2004,Hurricane,HURRICANE FRANCES,1,1,1,1,23,99023,Columbia (County),12665,12664,12699,
1545,2004,Hurricane,HURRICANE FRANCES,1,1,1,1,125,99125,Union (County),12665,12664,12699,
1545,2004,Hurricane,HURRICANE FRANCES,1,1,1,1,93,99093,Okeechobee (County),12665,12664,12699,
1545,2004,Hurricane,HURRICANE FRANCES,1,1,1,1,49,99049,Hardee (County),12665,12664,12699,
1545,2004,Hurricane,HURRICANE FRANCES,1,1,1,1,105,99105,Polk (County),12665,12664,12699,
1545,2004,Hurricane,HURRICANE FRANCES,1,1,1,1,85,99085,Martin (County),12665,12664,12699,
1545,2004,Hurricane,HURRICANE FRANCES,1,1,1,1,121,99121,Suwannee (County),12665,12664,12699,
1545,2004,Hurricane,HURRICANE FRANCES,1,1,1,1,127,99127,Volusia (County),12665,12664,12699,
1545,2004,Hurricane,HURRICANE FRANCES,1,1,1,1,119,99119,Sumter (County),12665,12664,12699,
1545,2004,Hurricane,HURRICANE FRANCES,1,1,1,1,69,99069,Lake (County),12665,12664,12699,
1545,2004,Hurricane,HURRICANE FRANCES,1,1,1,1,81,99081,Manatee (County),12665,12664,12699,
1545,2004,Hurricane,HURRICANE FRANCES,1,1,1,1,83,99083,Marion (County),12665,12664,12699,
1545,2004,Hurricane,HURRICANE FRANCES,1,1,1,1,99,99099,Palm Beach (County),12665,12664,12699,
1545,2004,Hurricane,HURRICANE FRANCES,1,1,1,1,115,99115,Sarasota (County),12665,12664,12699,
1545,2004,Hurricane,HURRICANE FRANCES,1,1,1,1,97,99097,Osceola (County),12665,12664,12699,
1545,2004,Hurricane,HURRICANE FRANCES,1,1,1,1,101,99101,Pasco (County),12665,12664,12699,
1545,2004,Hurricane,HURRICANE FRANCES,1,1,1,1,71,99071,Lee (County),12665,12664,12699,
1551,2004,Hurricane,HURRICANE IVAN,1,1,0,1,9,99009,Brevard (County),12677,12674,12739,
1551,2004,Hurricane,HURRICANE IVAN,0,0,1,1,65,99065,Jefferson (County),12677,12674,12739,
1551,2004,Hurricane,HURRICANE IVAN,1,1,0,1,109,99109,St. Johns (County),12677,12674,12739,
1551,2004,Hurricane,HURRICANE IVAN,1,1,0,1,93,99093,Okeechobee (County),12677,12674,12739,
1551,2004,Hurricane,HURRICANE IVAN,1,1,1,1,37,99037,Franklin (County),12677,12674,12739,
1551,2004,Hurricane,HURRICANE IVAN,1,1,0,1,101,99101,Pasco (County),12677,12674,12739,
1551,2004,Hurricane,HURRICANE IVAN,1,1,1,1,59,99059,Holmes (County),12677,12674,12739,
1551,2004,Hurricane,HURRICANE IVAN,1,1,0,1,117,99117,Seminole (County),12677,12674,12739,
1551,2004,Hurricane,HURRICANE IVAN,1,1,1,1,77,99077,Liberty (County),12677,12674,12739,
1551,2004,Hurricane,HURRICANE IVAN,1,1,1,1,133,99133,Washington (County),12677,12674,12739,
1551,2004,Hurricane,HURRICANE IVAN,1,1,0,1,99,99099,Palm Beach (County),12677,12674,12739,
1551,2004,Hurricane,HURRICANE IVAN,1,1,1,1,63,99063,Jackson (County),12677,12674,12739,
1551,2004,Hurricane,HURRICANE IVAN,1,1,0,1,97,99097,Osceola (County),12677,12674,12739,
1551,2004,Hurricane,HURRICANE IVAN,1,1,0,1,83,99083,Marion (County),12677,12674,12739,
1551,2004,Hurricane,HURRICANE IVAN,1,1,0,1,85,99085,Martin (County),12677,12674,12739,
1551,2004,Hurricane,HURRICANE IVAN,1,1,1,1,73,99073,Leon (County),12677,12674,12739,
1551,2004,Hurricane,HURRICANE IVAN,1,1,0,1,35,99035,Flagler (County),12677,12674,12739,
1551,2004,Hurricane,HURRICANE IVAN,1,1,0,1,81,99081,Manatee (County),12677,12674,12739,
1551,2004,Hurricane,HURRICANE IVAN,1,1,0,1,95,99095,Orange (County),12677,12674,12739,
1551,2004,Hurricane,HURRICANE IVAN,1,1,0,1,127,99127,Volusia (County),12677,12674,12739,
1551,2004,Hurricane,HURRICANE IVAN,1,1,1,1,17,99017,Citrus (County),12677,12674,12739,
1551,2004,Hurricane,HURRICANE IVAN,1,1,1,1,5,99005,Bay (County),12677,12674,12739,
1551,2004,Hurricane,HURRICANE IVAN,1,1,0,1,69,99069,Lake (County),12677,12674,12739,
1551,2004,Hurricane,HURRICANE IVAN,1,1,0,1,55,99055,Highlands (County),12677,12674,12739,
1551,2004,Hurricane,HURRICANE IVAN,1,1,0,1,31,99031,Duval (County),12677,12674,12739,
1551,2004,Hurricane,HURRICANE IVAN,1,1,0,1,19,99019,Clay (County),12677,12674,12739,
1551,2004,Hurricane,HURRICANE IVAN,0,0,1,1,29,99029,Dixie (County),12677,12674,12739,
1551,2004,Hurricane,HURRICANE IVAN,0,0,1,1,75,99075,Levy (County),12677,12674,12739,
1551,2004,Hurricane,HURRICANE IVAN,0,0,1,1,87,99087,Monroe (County),12677,12674,12739,
1551,2004,Hurricane,HURRICANE IVAN,0,0,1,1,21,99021,Collier (County),12677,12674,12739,
1551,2004,Hurricane,HURRICANE IVAN,0,0,1,1,15,99015,Charlotte (County),12677,12674,12739,
1551,2004,Hurricane,HURRICANE IVAN,1,1,0,1,61,99061,Indian River (County),12677,12674,12739,
1551,2004,Hurricane,HURRICANE IVAN,0,0,1,1,115,99115,Sarasota (County),12677,12674,12739,
1551,2004,Hurricane,HURRICANE IVAN,1,1,1,1,113,99113,Santa Rosa (County),12677,12674,12739,
1551,2004,Hurricane,HURRICANE IVAN,1,1,1,1,33,99033,Escambia (County),12677,12674,12739,
1551,2004,Hurricane,HURRICANE IVAN,1,1,1,1,123,99123,Taylor (County),12677,12674,12739,
1551,2004,Hurricane,HURRICANE IVAN,1,1,0,1,105,99105,Polk (County),12677,12674,12739,
1551,2004,Hurricane,HURRICANE IVAN,1,1,0,1,111,99111,St. Lucie (County),12677,12674,12739,
1551,2004,Hurricane,HURRICANE IVAN,1,1,1,1,131,99131,Walton (County),12677,12674,12739,
1551,2004,Hurricane,HURRICANE IVAN,1,1,1,1,129,99129,Wakulla (County),12677,12674,12739,
1551,2004,Hurricane,HURRICANE IVAN,1,1,1,1,91,99091,Okaloosa (County),12677,12674,12739,
1551,2004,Hurricane,HURRICANE IVAN,1,1,1,1,71,99071,Lee (County),12677,12674,12739,
1551,2004,Hurricane,HURRICANE IVAN,1,1,1,1,45,99045,Gulf (County),12677,12674,12739,
1551,2004,Hurricane,HURRICANE IVAN,1,1,1,1,39,99039,Gadsden (County),12677,12674,12739,
1551,2004,Hurricane,HURRICANE IVAN,1,1,1,1,13,99013,Calhoun (County),12677,12674,12739,
1561,2004,Hurricane,HURRICANE JEANNE,1,1,1,1,31,99031,Duval (County),12687,12685,12739,
1561,2004,Hurricane,HURRICANE JEANNE,1,1,1,1,67,99067,Lafayette (County),12687,12685,12739,
1561,2004,Hurricane,HURRICANE JEANNE,1,1,1,1,19,99019,Clay (County),12687,12685,12739,
1561,2004,Hurricane,HURRICANE JEANNE,0,0,1,1,129,99129,Wakulla (County),12687,12685,12739,
1561,2004,Hurricane,HURRICANE JEANNE,1,1,1,1,51,99051,Hendry (County),12687,12685,12739,
1561,2004,Hurricane,HURRICANE JEANNE,1,1,1,1,43,99043,Glades (County),12687,12685,12739,
1561,2004,Hurricane,HURRICANE JEANNE,1,1,1,1,47,99047,Hamilton (County),12687,12685,12739,
1561,2004,Hurricane,HURRICANE JEANNE,1,1,1,1,7,99007,Bradford (County),12687,12685,12739,
1561,2004,Hurricane,HURRICANE JEANNE,1,1,1,1,75,99075,Levy (County),12687,12685,12739,
1561,2004,Hurricane,HURRICANE JEANNE,0,0,1,1,86,99086,Miami-Dade (County),12687,12685,12739,
1561,2004,Hurricane,HURRICANE JEANNE,1,1,1,1,9,99009,Brevard (County),12687,12685,12739,
1561,2004,Hurricane,HURRICANE JEANNE,1,1,1,1,41,99041,Gilchrist (County),12687,12685,12739,
1561,2004,Hurricane,HURRICANE JEANNE,1,1,1,1,95,99095,Orange (County),12687,12685,12739,
1561,2004,Hurricane,HURRICANE JEANNE,1,1,1,1,29,99029,Dixie (County),12687,12685,12739,
1561,2004,Hurricane,HURRICANE JEANNE,1,1,1,1,49,99049,Hardee (County),12687,12685,12739,
1561,2004,Hurricane,HURRICANE JEANNE,1,1,1,1,23,99023,Columbia (County),12687,12685,12739,
1561,2004,Hurricane,HURRICANE JEANNE,1,1,1,1,61,99061,Indian River (County),12687,12685,12739,
1561,2004,Hurricane,HURRICANE JEANNE,1,1,1,1,69,99069,Lake (County),12687,12685,12739,
1561,2004,Hurricane,HURRICANE JEANNE,1,1,1,1,53,99053,Hernando (County),12687,12685,12739,
1561,2004,Hurricane,HURRICANE JEANNE,1,1,1,1,97,99097,Osceola (County),12687,12685,12739,
1561,2004,Hurricane,HURRICANE JEANNE,1,1,1,1,55,99055,Highlands (County),12687,12685,12739,
1561,2004,Hurricane,HURRICANE JEANNE,1,1,1,1,3,99003,Baker (County),12687,12685,12739,
1561,2004,Hurricane,HURRICANE JEANNE,1,1,1,1,27,99027,DeSoto (County),12687,12685,12739,
1561,2004,Hurricane,HURRICANE JEANNE,1,1,1,1,111,99111,St. Lucie (County),12687,12685,12739,
1561,2004,Hurricane,HURRICANE JEANNE,1,1,1,1,127,99127,Volusia (County),12687,12685,12739,
1561,2004,Hurricane,HURRICANE JEANNE,1,1,1,1,123,99123,Taylor (County),12687,12685,12739,
1561,2004,Hurricane,HURRICANE JEANNE,1,1,1,1,109,99109,St. Johns (County),12687,12685,12739,
1561,2004,Hurricane,HURRICANE JEANNE,1,1,1,1,121,99121,Suwannee (County),12687,12685,12739,
1561,2004,Hurricane,HURRICANE JEANNE,1,1,1,1,115,99115,Sarasota (County),12687,12685,12739,
1561,2004,Hurricane,HURRICANE JEANNE,1,1,1,1,101,99101,Pasco (County),12687,12685,12739,
1561,2004,Hurricane,HURRICANE JEANNE,1,1,1,1,85,99085,Martin (County),12687,12685,12739,
1561,2004,Hurricane,HURRICANE JEANNE,1,1,1,1,107,99107,Putnam (County),12687,12685,12739,
1561,2004,Hurricane,HURRICANE JEANNE,1,1,1,1,83,99083,Marion (County),12687,12685,12739,
1561,2004,Hurricane,HURRICANE JEANNE,1,1,1,1,93,99093,Okeechobee (County),12687,12685,12739,
1561,2004,Hurricane,HURRICANE JEANNE,0,0,1,1,71,99071,Lee (County),12687,12685,12739,
1561,2004,Hurricane,HURRICANE JEANNE,1,1,1,1,125,99125,Union (County),12687,12685,12739,
1561,2004,Hurricane,HURRICANE JEANNE,1,1,1,1,99,99099,Palm Beach (County),12687,12685,12739,
1561,2004,Hurricane,HURRICANE JEANNE,1,1,1,1,15,99015,Charlotte (County),12687,12685,12739,
1561,2004,Hurricane,HURRICANE JEANNE,0,0,1,1,21,99021,Collier (County),12687,12685,12739,
1561,2004,Hurricane,HURRICANE JEANNE,1,1,1,1,57,99057,Hillsborough (County),12687,12685,12739,
1561,2004,Hurricane,HURRICANE JEANNE,1,1,1,1,89,99089,Nassau (County),12687,12685,12739,
1561,2004,Hurricane,HURRICANE JEANNE,1,1,1,1,81,99081,Manatee (County),12687,12685,12739,
1561,2004,Hurricane,HURRICANE JEANNE,1,1,1,1,103,99103,Pinellas (County),12687,12685,12739,
1561,2004,Hurricane,HURRICANE JEANNE,0,0,1,1,73,99073,Leon (County),12687,12685,12739,
1561,2004,Hurricane,HURRICANE JEANNE,1,1,1,1,35,99035,Flagler (County),12687,12685,12739,
1561,2004,Hurricane,HURRICANE JEANNE,1,1,1,1,119,99119,Sumter (County),12687,12685,12739,
1561,2004,Hurricane,HURRICANE JEANNE,1,1,1,1,17,99017,Citrus (County),12687,12685,12739,
1561,2004,Hurricane,HURRICANE JEANNE,1,1,1,1,105,99105,Polk (County),12687,12685,12739,
1561,2004,Hurricane,HURRICANE JEANNE,1,1,1,1,117,99117,Seminole (County),12687,12685,12739,
1561,2004,Hurricane,HURRICANE JEANNE,0,0,1,1,11,99011,Broward (County),12687,12685,12739,
1561,2004,Hurricane,HURRICANE JEANNE,1,1,1,1,79,99079,Madison (County),12687,12685,12739,
1561,2004,Hurricane,HURRICANE JEANNE,1,1,1,1,65,99065,Jefferson (County),12687,12685,12739,
1561,2004,Hurricane,HURRICANE JEANNE,1,1,1,1,1,99001,Alachua (County),12687,12685,12739,
1602,2005,Hurricane,HURRICANE KATRINA,0,0,1,1,45,99045,Gulf (County),13023,13019,13032,
1602,2005,Hurricane,HURRICANE KATRINA,0,0,1,1,33,99033,Escambia (County),13023,13019,13032,
1602,2005,Hurricane,HURRICANE KATRINA,0,0,1,1,11,99011,Broward (County),13023,13019,13032,
1595,2005,Hurricane,HURRICANE DENNIS,0,0,1,1,65,99065,Jefferson (County),12974,12971,12984,
1595,2005,Hurricane,HURRICANE DENNIS,0,0,1,1,73,99073,Leon (County),12974,12971,12984,
1595,2005,Hurricane,HURRICANE DENNIS,1,1,1,1,113,99113,Santa Rosa (County),12974,12971,12984,
1595,2005,Hurricane,HURRICANE DENNIS,0,0,1,1,39,99039,Gadsden (County),12974,12971,12984,
1595,2005,Hurricane,HURRICANE DENNIS,0,0,1,1,63,99063,Jackson (County),12974,12971,12984,
1595,2005,Hurricane,HURRICANE DENNIS,0,0,1,1,59,99059,Holmes (County),12974,12971,12984,
1595,2005,Hurricane,HURRICANE DENNIS,0,0,1,1,77,99077,Liberty (County),12974,12971,12984,
1595,2005,Hurricane,HURRICANE DENNIS,0,0,1,1,75,99075,Levy (County),12974,12971,12984,
1595,2005,Hurricane,HURRICANE DENNIS,0,0,1,1,87,99087,Monroe (County),12974,12971,12984,
1595,2005,Hurricane,HURRICANE DENNIS,0,0,1,1,133,99133,Washington (County),12974,12971,12984,
1595,2005,Hurricane,HURRICANE DENNIS,1,1,1,1,29,99029,Dixie (County),12974,12971,12984,
1595,2005,Hurricane,HURRICANE DENNIS,1,1,1,1,5,99005,Bay (County),12974,12971,12984,
1595,2005,Hurricane,HURRICANE DENNIS,1,1,1,1,33,99033,Escambia (County),12974,12971,12984,
1595,2005,Hurricane,HURRICANE DENNIS,1,1,1,1,45,99045,Gulf (County),12974,12971,12984,
1595,2005,Hurricane,HURRICANE DENNIS,1,1,1,1,123,99123,Taylor (County),12974,12971,12984,
1595,2005,Hurricane,HURRICANE DENNIS,0,0,1,1,13,99013,Calhoun (County),12974,12971,12984,
1595,2005,Hurricane,HURRICANE DENNIS,1,1,1,1,131,99131,Walton (County),12974,12971,12984,
1595,2005,Hurricane,HURRICANE DENNIS,1,1,1,1,129,99129,Wakulla (County),12974,12971,12984,
1595,2005,Hurricane,HURRICANE DENNIS,1,1,1,1,91,99091,Okaloosa (County),12974,12971,12984,
1595,2005,Hurricane,HURRICANE DENNIS,1,1,1,1,37,99037,Franklin (County),12974,12971,12984,
1602,2005,Hurricane,HURRICANE KATRINA,0,0,1,1,21,99021,Collier (County),13023,13019,13032,
1602,2005,Hurricane,HURRICANE KATRINA,0,0,1,1,37,99037,Franklin (County),13023,13019,13032,
1602,2005,Hurricane,HURRICANE KATRINA,0,0,1,1,86,99086,Miami-Dade (County),13023,13019,13032,
1602,2005,Hurricane,HURRICANE KATRINA,0,0,1,1,87,99087,Monroe (County),13023,13019,13032,
1602,2005,Hurricane,HURRICANE KATRINA,0,0,1,1,91,99091,Okaloosa (County),13023,13019,13032,
1602,2005,Hurricane,HURRICANE KATRINA,0,0,1,1,113,99113,Santa Rosa (County),13023,13019,13032,
1602,2005,Hurricane,HURRICANE KATRINA,0,0,1,1,5,99005,Bay (County),13023,13019,13032,
1602,2005,Hurricane,HURRICANE KATRINA,0,0,1,1,131,99131,Walton (County),13023,13019,13032,
1609,2006,Hurricane,HURRICANE WILMA,0,0,1,1,97,99097,Osceola (County),13080,13079,13105,
1609,2006,Hurricane,HURRICANE WILMA,0,0,1,1,115,99115,Sarasota (County),13080,13079,13105,
1609,2006,Hurricane,HURRICANE WILMA,1,1,1,1,11,99011,Broward (County),13080,13079,13105,
1609,2006,Hurricane,HURRICANE WILMA,1,1,1,1,87,99087,Monroe (County),13080,13079,13105,
1609,2006,Hurricane,HURRICANE WILMA,1,1,1,1,93,99093,Okeechobee (County),13080,13079,13105,
1609,2006,Hurricane,HURRICANE WILMA,1,1,1,1,71,99071,Lee (County),13080,13079,13105,
1609,2006,Hurricane,HURRICANE WILMA,1,1,1,1,99,99099,Palm Beach (County),13080,13079,13105,
1609,2006,Hurricane,HURRICANE WILMA,0,0,1,1,27,99027,DeSoto (County),13080,13079,13105,
1609,2006,Hurricane,HURRICANE WILMA,1,1,1,1,86,99086,Miami-Dade (County),13080,13079,13105,
1609,2006,Hurricane,HURRICANE WILMA,1,1,1,1,9,99009,Brevard (County),13080,13079,13105,
1609,2006,Hurricane,HURRICANE WILMA,0,0,1,1,49,99049,Hardee (County),13080,13079,13105,
1609,2006,Hurricane,HURRICANE WILMA,1,1,1,1,21,99021,Collier (County),13080,13079,13105,
1609,2006,Hurricane,HURRICANE WILMA,1,1,1,1,43,99043,Glades (County),13080,13079,13105,
1609,2006,Hurricane,HURRICANE WILMA,0,0,1,1,15,99015,Charlotte (County),13080,13079,13105,
1609,2006,Hurricane,HURRICANE WILMA,1,1,1,1,111,99111,St. Lucie (County),13080,13079,13105,
1609,2006,Hurricane,HURRICANE WILMA,0,0,1,1,105,99105,Polk (County),13080,13079,13105,
1609,2006,Hurricane,HURRICANE WILMA,1,1,1,1,85,99085,Martin (County),13080,13079,13105,
1609,2006,Hurricane,HURRICANE WILMA,0,0,1,1,55,99055,Highlands (County),13080,13079,13105,
1609,2006,Hurricane,HURRICANE WILMA,1,1,1,1,61,99061,Indian River (County),13080,13079,13105,
1609,2006,Hurricane,HURRICANE WILMA,1,1,1,1,51,99051,Hendry (County),13080,13079,13105,
1679,2007,Severe Storm(s),SEVERE STORMS AND TORNADOES,1,1,1,1,117,99117,Seminole (County),13547,13545,13546,
1679,2007,Severe Storm(s),SEVERE STORMS AND TORNADOES,1,1,1,1,69,99069,Lake (County),13547,13545,13546,
1680,2007,Severe Storm(s),"SEVERE STORMS, TORNADOES, AND FLOODING",1,1,0,1,127,99127,Volusia (County),13553,13507,13507,
1679,2007,Severe Storm(s),SEVERE STORMS AND TORNADOES,1,1,1,1,119,99119,Sumter (County),13547,13545,13546,
1679,2007,Severe Storm(s),SEVERE STORMS AND TORNADOES,1,1,1,1,127,99127,Volusia (County),13547,13545,13546,
1785,2008,Severe Storm(s),TROPICAL STORM FAY,1,1,1,1,93,99093,Okeechobee (County),14115,14109,14134,
1785,2008,Severe Storm(s),TROPICAL STORM FAY,1,1,1,1,71,99071,Lee (County),14115,14109,14134,
1785,2008,Severe Storm(s),TROPICAL STORM FAY,1,1,1,1,73,99073,Leon (County),14115,14109,14134,
1785,2008,Severe Storm(s),TROPICAL STORM FAY,1,1,1,1,83,99083,Marion (County),14115,14109,14134,
1785,2008,Severe Storm(s),TROPICAL STORM FAY,1,1,1,1,43,99043,Glades (County),14115,14109,14134,
1785,2008,Severe Storm(s),TROPICAL STORM FAY,1,1,1,1,111,99111,St. Lucie (County),14115,14109,14134,
1785,2008,Severe Storm(s),TROPICAL STORM FAY,0,0,1,1,109,99109,St. Johns (County),14115,14109,14134,
1785,2008,Severe Storm(s),TROPICAL STORM FAY,0,0,1,1,125,99125,Union (County),14115,14109,14134,
1785,2008,Severe Storm(s),TROPICAL STORM FAY,1,1,1,1,3,99003,Baker (County),14115,14109,14134,
1785,2008,Severe Storm(s),TROPICAL STORM FAY,0,0,1,1,55,99055,Highlands (County),14115,14109,14134,
1785,2008,Severe Storm(s),TROPICAL STORM FAY,0,0,1,1,45,99045,Gulf (County),14115,14109,14134,
1785,2008,Severe Storm(s),TROPICAL STORM FAY,1,1,1,1,129,99129,Wakulla (County),14115,14109,14134,
1785,2008,Severe Storm(s),TROPICAL STORM FAY,0,0,1,1,13,99013,Calhoun (County),14115,14109,14134,
1785,2008,Severe Storm(s),TROPICAL STORM FAY,1,1,1,1,19,99019,Clay (County),14115,14109,14134,
1785,2008,Severe Storm(s),TROPICAL STORM FAY,1,1,1,1,7,99007,Bradford (County),14115,14109,14134,
1785,2008,Severe Storm(s),TROPICAL STORM FAY,1,1,1,1,117,99117,Seminole (County),14115,14109,14134,
1785,2008,Severe Storm(s),TROPICAL STORM FAY,1,1,1,1,31,99031,Duval (County),14115,14109,14134,
1785,2008,Severe Storm(s),TROPICAL STORM FAY,1,1,1,1,1,99001,Alachua (County),14115,14109,14134,
1785,2008,Severe Storm(s),TROPICAL STORM FAY,1,1,1,1,127,99127,Volusia (County),14115,14109,14134,
1785,2008,Severe Storm(s),TROPICAL STORM FAY,1,1,0,1,105,99105,Polk (County),14115,14109,14134,
1785,2008,Severe Storm(s),TROPICAL STORM FAY,0,0,1,1,49,99049,Hardee (County),14115,14109,14134,
1785,2008,Severe Storm(s),TROPICAL STORM FAY,1,1,1,1,9,99009,Brevard (County),14115,14109,14134,
1785,2008,Severe Storm(s),TROPICAL STORM FAY,1,1,1,1,39,99039,Gadsden (County),14115,14109,14134,
1785,2008,Severe Storm(s),TROPICAL STORM FAY,0,0,1,1,107,99107,Putnam (County),14115,14109,14134,
1785,2008,Severe Storm(s),TROPICAL STORM FAY,1,1,1,1,21,99021,Collier (County),14115,14109,14134,
1785,2008,Severe Storm(s),TROPICAL STORM FAY,0,0,1,1,47,99047,Hamilton (County),14115,14109,14134,
1785,2008,Severe Storm(s),TROPICAL STORM FAY,1,1,1,1,65,99065,Jefferson (County),14115,14109,14134,
1785,2008,Severe Storm(s),TROPICAL STORM FAY,0,0,1,1,121,99121,Suwannee (County),14115,14109,14134,
1785,2008,Severe Storm(s),TROPICAL STORM FAY,0,0,1,1,87,99087,Monroe (County),14115,14109,14134,
1785,2008,Severe Storm(s),TROPICAL STORM FAY,1,1,1,1,123,99123,Taylor (County),14115,14109,14134,
1785,2008,Severe Storm(s),TROPICAL STORM FAY,0,0,1,1,115,99115,Sarasota (County),14115,14109,14134,
1785,2008,Severe Storm(s),TROPICAL STORM FAY,1,1,0,1,79,99079,Madison (County),14115,14109,14134,
1785,2008,Severe Storm(s),TROPICAL STORM FAY,1,1,1,1,89,99089,Nassau (County),14115,14109,14134,
1785,2008,Severe Storm(s),TROPICAL STORM FAY,1,1,1,1,69,99069,Lake (County),14115,14109,14134,
1785,2008,Severe Storm(s),TROPICAL STORM FAY,1,1,1,1,85,99085,Martin (County),14115,14109,14134,
1785,2008,Severe Storm(s),TROPICAL STORM FAY,0,0,1,1,97,99097,Osceola (County),14115,14109,14134,
1785,2008,Severe Storm(s),TROPICAL STORM FAY,0,0,1,1,99,99099,Palm Beach (County),14115,14109,14134,
1785,2008,Severe Storm(s),TROPICAL STORM FAY,1,1,1,1,77,99077,Liberty (County),14115,14109,14134,
1785,2008,Severe Storm(s),TROPICAL STORM FAY,0,0,1,1,15,99015,Charlotte (County),14115,14109,14134,
1785,2008,Severe Storm(s),TROPICAL STORM FAY,0,0,1,1,35,99035,Flagler (County),14115,14109,14134,
1785,2008,Severe Storm(s),TROPICAL STORM FAY,0,0,1,1,29,99029,Dixie (County),14115,14109,14134,
1785,2008,Severe Storm(s),TROPICAL STORM FAY,0,0,1,1,81,99081,Manatee (County),14115,14109,14134,
1785,2008,Severe Storm(s),TROPICAL STORM FAY,1,1,0,1,95,99095,Orange (County),14115,14109,14134,
1785,2008,Severe Storm(s),TROPICAL STORM FAY,1,1,1,1,51,99051,Hendry (County),14115,14109,14134,
1806,2009,Hurricane,HURRICANE GUSTAV,0,0,1,1,33,99033,Escambia (County),14179,14122,14129,
1806,2009,Hurricane,HURRICANE GUSTAV,0,0,1,1,45,99045,Gulf (County),14179,14122,14129,
1806,2009,Hurricane,HURRICANE GUSTAV,0,0,1,1,91,99091,Okaloosa (County),14179,14122,14129,
1806,2009,Hurricane,HURRICANE GUSTAV,0,0,1,1,5,99005,Bay (County),14179,14122,14129,
1806,2009,Hurricane,HURRICANE GUSTAV,0,0,1,1,113,99113,Santa Rosa (County),14179,14122,14129,
1806,2009,Hurricane,HURRICANE GUSTAV,0,0,1,1,37,99037,Franklin (County),14179,14122,14129,
1831,2009,Severe Storm(s),"SEVERE STORMS, FLOODING, TORNADOES, AND STRAIGHT-LINE WINDS",1,0,1,1,59,99059,Holmes (County),14355,14329,14369,
1831,2009,Severe Storm(s),"SEVERE STORMS, FLOODING, TORNADOES, AND STRAIGHT-LINE WINDS",1,0,0,1,75,99075,Levy (County),14355,14329,14369,
1831,2009,Severe Storm(s),"SEVERE STORMS, FLOODING, TORNADOES, AND STRAIGHT-LINE WINDS",1,0,1,1,77,99077,Liberty (County),14355,14329,14369,
1831,2009,Severe Storm(s),"SEVERE STORMS, FLOODING, TORNADOES, AND STRAIGHT-LINE WINDS",0,0,1,1,37,99037,Franklin (County),14355,14329,14369,
1831,2009,Severe Storm(s),"SEVERE STORMS, FLOODING, TORNADOES, AND STRAIGHT-LINE WINDS",1,0,1,1,13,99013,Calhoun (County),14355,14329,14369,
1831,2009,Severe Storm(s),"SEVERE STORMS, FLOODING, TORNADOES, AND STRAIGHT-LINE WINDS",1,0,1,1,73,99073,Leon (County),14355,14329,14369,
1831,2009,Severe Storm(s),"SEVERE STORMS, FLOODING, TORNADOES, AND STRAIGHT-LINE WINDS",0,0,1,1,33,99033,Escambia (County),14355,14329,14369,
1831,2009,Severe Storm(s),"SEVERE STORMS, FLOODING, TORNADOES, AND STRAIGHT-LINE WINDS",1,0,1,1,47,99047,Hamilton (County),14355,14329,14369,
1831,2009,Severe Storm(s),"SEVERE STORMS, FLOODING, TORNADOES, AND STRAIGHT-LINE WINDS",1,0,1,1,129,99129,Wakulla (County),14355,14329,14369,
1831,2009,Severe Storm(s),"SEVERE STORMS, FLOODING, TORNADOES, AND STRAIGHT-LINE WINDS",1,0,1,1,67,99067,Lafayette (County),14355,14329,14369,
1831,2009,Severe Storm(s),"SEVERE STORMS, FLOODING, TORNADOES, AND STRAIGHT-LINE WINDS",1,0,1,1,29,99029,Dixie (County),14355,14329,14369,
1831,2009,Severe Storm(s),"SEVERE STORMS, FLOODING, TORNADOES, AND STRAIGHT-LINE WINDS",1,0,1,1,41,99041,Gilchrist (County),14355,14329,14369,
1831,2009,Severe Storm(s),"SEVERE STORMS, FLOODING, TORNADOES, AND STRAIGHT-LINE WINDS",0,0,1,1,39,99039,Gadsden (County),14355,14329,14369,
1831,2009,Severe Storm(s),"SEVERE STORMS, FLOODING, TORNADOES, AND STRAIGHT-LINE WINDS",1,0,1,1,63,99063,Jackson (County),14355,14329,14369,
1831,2009,Severe Storm(s),"SEVERE STORMS, FLOODING, TORNADOES, AND STRAIGHT-LINE WINDS",0,0,1,1,45,99045,Gulf (County),14355,14329,14369,
1831,2009,Severe Storm(s),"SEVERE STORMS, FLOODING, TORNADOES, AND STRAIGHT-LINE WINDS",0,0,1,1,65,99065,Jefferson (County),14355,14329,14369,
1831,2009,Severe Storm(s),"SEVERE STORMS, FLOODING, TORNADOES, AND STRAIGHT-LINE WINDS",0,0,1,1,5,99005,Bay (County),14355,14329,14369,
1831,2009,Severe Storm(s),"SEVERE STORMS, FLOODING, TORNADOES, AND STRAIGHT-LINE WINDS",1,0,1,1,133,99133,Washington (County),14355,14329,14369,
1831,2009,Severe Storm(s),"SEVERE STORMS, FLOODING, TORNADOES, AND STRAIGHT-LINE WINDS",1,0,1,1,79,99079,Madison (County),14355,14329,14369,
1831,2009,Severe Storm(s),"SEVERE STORMS, FLOODING, TORNADOES, AND STRAIGHT-LINE WINDS",1,0,1,1,131,99131,Walton (County),14355,14329,14369,
1831,2009,Severe Storm(s),"SEVERE STORMS, FLOODING, TORNADOES, AND STRAIGHT-LINE WINDS",1,0,1,1,121,99121,Suwannee (County),14355,14329,14369,
1831,2009,Severe Storm(s),"SEVERE STORMS, FLOODING, TORNADOES, AND STRAIGHT-LINE WINDS",1,0,1,1,113,99113,Santa Rosa (County),14355,14329,14369,
1831,2009,Severe Storm(s),"SEVERE STORMS, FLOODING, TORNADOES, AND STRAIGHT-LINE WINDS",1,0,1,1,91,99091,Okaloosa (County),14355,14329,14369,
1840,2009,Severe Storm(s),"SEVERE STORMS, FLOODING, TORNADOES, AND STRAIGHT-LINE WINDS",0,0,1,1,19,99019,Clay (County),14391,14381,14392,
1840,2009,Severe Storm(s),"SEVERE STORMS, FLOODING, TORNADOES, AND STRAIGHT-LINE WINDS",0,0,1,1,35,99035,Flagler (County),14391,14381,14392,
1840,2009,Severe Storm(s),"SEVERE STORMS, FLOODING, TORNADOES, AND STRAIGHT-LINE WINDS",0,0,1,1,3,99003,Baker (County),14391,14381,14392,
1840,2009,Severe Storm(s),"SEVERE STORMS, FLOODING, TORNADOES, AND STRAIGHT-LINE WINDS",1,0,1,1,127,99127,Volusia (County),14391,14381,14392,
1840,2009,Severe Storm(s),"SEVERE STORMS, FLOODING, TORNADOES, AND STRAIGHT-LINE WINDS",0,0,1,1,107,99107,Putnam (County),14391,14381,14392,
3220,2005,Hurricane,HURRICANE KATRINA EVACUATION,0,0,1,0,5,99005,Bay (County),13031,13024,13057,
3220,2005,Hurricane,HURRICANE KATRINA EVACUATION,0,0,1,0,95,99095,Orange (County),13031,13024,13057,
3220,2005,Hurricane,HURRICANE KATRINA EVACUATION,0,0,1,0,93,99093,Okeechobee (County),13031,13024,13057,
3220,2005,Hurricane,HURRICANE KATRINA EVACUATION,0,0,1,0,91,99091,Okaloosa (County),13031,13024,13057,
3220,2005,Hurricane,HURRICANE KATRINA EVACUATION,0,0,1,0,105,99105,Polk (County),13031,13024,13057,
3220,2005,Hurricane,HURRICANE KATRINA EVACUATION,0,0,1,0,103,99103,Pinellas (County),13031,13024,13057,
3220,2005,Hurricane,HURRICANE KATRINA EVACUATION,0,0,1,0,97,99097,Osceola (County),13031,13024,13057,
3220,2005,Hurricane,HURRICANE KATRINA EVACUATION,0,0,1,0,119,99119,Sumter (County),13031,13024,13057,
3220,2005,Hurricane,HURRICANE KATRINA EVACUATION,0,0,1,0,123,99123,Taylor (County),13031,13024,13057,
3220,2005,Hurricane,HURRICANE KATRINA EVACUATION,0,0,1,0,125,99125,Union (County),13031,13024,13057,
3220,2005,Hurricane,HURRICANE KATRINA EVACUATION,0,0,1,0,113,99113,Santa Rosa (County),13031,13024,13057,
3220,2005,Hurricane,HURRICANE KATRINA EVACUATION,0,0,1,0,133,99133,Washington (County),13031,13024,13057,
3220,2005,Hurricane,HURRICANE KATRINA EVACUATION,0,0,1,0,121,99121,Suwannee (County),13031,13024,13057,
3220,2005,Hurricane,HURRICANE KATRINA EVACUATION,0,0,1,0,129,99129,Wakulla (County),13031,13024,13057,
3220,2005,Hurricane,HURRICANE KATRINA EVACUATION,0,0,1,0,127,99127,Volusia (County),13031,13024,13057,
3220,2005,Hurricane,HURRICANE KATRINA EVACUATION,0,0,1,0,15,99015,Charlotte (County),13031,13024,13057,
3220,2005,Hurricane,HURRICANE KATRINA EVACUATION,0,0,1,0,13,99013,Calhoun (County),13031,13024,13057,
3220,2005,Hurricane,HURRICANE KATRINA EVACUATION,0,0,1,0,19,99019,Clay (County),13031,13024,13057,
3220,2005,Hurricane,HURRICANE KATRINA EVACUATION,0,0,1,0,1,99001,Alachua (County),13031,13024,13057,
3220,2005,Hurricane,HURRICANE KATRINA EVACUATION,0,0,1,0,37,99037,Franklin (County),13031,13024,13057,
3220,2005,Hurricane,HURRICANE KATRINA EVACUATION,0,0,1,0,3,99003,Baker (County),13031,13024,13057,
3220,2005,Hurricane,HURRICANE KATRINA EVACUATION,0,0,1,0,33,99033,Escambia (County),13031,13024,13057,
3220,2005,Hurricane,HURRICANE KATRINA EVACUATION,0,0,1,0,7,99007,Bradford (County),13031,13024,13057,
3220,2005,Hurricane,HURRICANE KATRINA EVACUATION,0,0,1,0,35,99035,Flagler (County),13031,13024,13057,
3220,2005,Hurricane,HURRICANE KATRINA EVACUATION,0,0,1,0,9,99009,Brevard (County),13031,13024,13057,
3220,2005,Hurricane,HURRICANE KATRINA EVACUATION,0,0,1,0,41,99041,Gilchrist (County),13031,13024,13057,
3220,2005,Hurricane,HURRICANE KATRINA EVACUATION,0,0,1,0,11,99011,Broward (County),13031,13024,13057,
3220,2005,Hurricane,HURRICANE KATRINA EVACUATION,0,0,1,0,45,99045,Gulf (County),13031,13024,13057,
3220,2005,Hurricane,HURRICANE KATRINA EVACUATION,0,0,1,0,17,99017,Citrus (County),13031,13024,13057,
3220,2005,Hurricane,HURRICANE KATRINA EVACUATION,0,0,1,0,49,99049,Hardee (County),13031,13024,13057,
3220,2005,Hurricane,HURRICANE KATRINA EVACUATION,0,0,1,0,21,99021,Collier (County),13031,13024,13057,
3220,2005,Hurricane,HURRICANE KATRINA EVACUATION,0,0,1,0,55,99055,Highlands (County),13031,13024,13057,
3220,2005,Hurricane,HURRICANE KATRINA EVACUATION,0,0,1,0,23,99023,Columbia (County),13031,13024,13057,
3220,2005,Hurricane,HURRICANE KATRINA EVACUATION,0,0,1,0,101,99101,Pasco (County),13031,13024,13057,
3220,2005,Hurricane,HURRICANE KATRINA EVACUATION,0,0,1,0,57,99057,Hillsborough (County),13031,13024,13057,
3220,2005,Hurricane,HURRICANE KATRINA EVACUATION,0,0,1,0,27,99027,DeSoto (County),13031,13024,13057,
3220,2005,Hurricane,HURRICANE KATRINA EVACUATION,0,0,1,0,61,99061,Indian River (County),13031,13024,13057,
3220,2005,Hurricane,HURRICANE KATRINA EVACUATION,0,0,1,0,29,99029,Dixie (County),13031,13024,13057,
3220,2005,Hurricane,HURRICANE KATRINA EVACUATION,0,0,1,0,65,99065,Jefferson (County),13031,13024,13057,
3220,2005,Hurricane,HURRICANE KATRINA EVACUATION,0,0,1,0,31,99031,Duval (County),13031,13024,13057,
3220,2005,Hurricane,HURRICANE KATRINA EVACUATION,0,0,1,0,99,99099,Palm Beach (County),13031,13024,13057,
3220,2005,Hurricane,HURRICANE KATRINA EVACUATION,0,0,1,0,69,99069,Lake (County),13031,13024,13057,
3220,2005,Hurricane,HURRICANE KATRINA EVACUATION,0,0,1,0,43,99043,Glades (County),13031,13024,13057,
3220,2005,Hurricane,HURRICANE KATRINA EVACUATION,0,0,1,0,71,99071,Lee (County),13031,13024,13057,
3220,2005,Hurricane,HURRICANE KATRINA EVACUATION,0,0,1,0,47,99047,Hamilton (County),13031,13024,13057,
3220,2005,Hurricane,HURRICANE KATRINA EVACUATION,0,0,1,0,77,99077,Liberty (County),13031,13024,13057,
3220,2005,Hurricane,HURRICANE KATRINA EVACUATION,0,0,1,0,51,99051,Hendry (County),13031,13024,13057,
3220,2005,Hurricane,HURRICANE KATRINA EVACUATION,0,0,1,0,53,99053,Hernando (County),13031,13024,13057,
3220,2005,Hurricane,HURRICANE KATRINA EVACUATION,0,0,1,0,83,99083,Marion (County),13031,13024,13057,
3220,2005,Hurricane,HURRICANE KATRINA EVACUATION,0,0,1,0,59,99059,Holmes (County),13031,13024,13057,
3220,2005,Hurricane,HURRICANE KATRINA EVACUATION,0,0,1,0,85,99085,Martin (County),13031,13024,13057,
3220,2005,Hurricane,HURRICANE KATRINA EVACUATION,0,0,1,0,63,99063,Jackson (County),13031,13024,13057,
3220,2005,Hurricane,HURRICANE KATRINA EVACUATION,0,0,1,0,67,99067,Lafayette (County),13031,13024,13057,
3220,2005,Hurricane,HURRICANE KATRINA EVACUATION,0,0,1,0,107,99107,Putnam (County),13031,13024,13057,
3220,2005,Hurricane,HURRICANE KATRINA EVACUATION,0,0,1,0,73,99073,Leon (County),13031,13024,13057,
3220,2005,Hurricane,HURRICANE KATRINA EVACUATION,0,0,1,0,75,99075,Levy (County),13031,13024,13057,
3220,2005,Hurricane,HURRICANE KATRINA EVACUATION,0,0,1,0,81,99081,Manatee (County),13031,13024,13057,
3220,2005,Hurricane,HURRICANE KATRINA EVACUATION,0,0,1,0,86,99086,Miami-Dade (County),13031,13024,13057,
3220,2005,Hurricane,HURRICANE KATRINA EVACUATION,0,0,1,0,87,99087,Monroe (County),13031,13024,13057,
3220,2005,Hurricane,HURRICANE KATRINA EVACUATION,0,0,1,0,89,99089,Nassau (County),13031,13024,13057,
3220,2005,Hurricane,HURRICANE KATRINA EVACUATION,0,0,1,0,79,99079,Madison (County),13031,13024,13057,
3220,2005,Hurricane,HURRICANE KATRINA EVACUATION,0,0,1,0,39,99039,Gadsden (County),13031,13024,13057,
3220,2005,Hurricane,HURRICANE KATRINA EVACUATION,0,0,1,0,111,99111,St. Lucie (County),13031,13024,13057,
3220,2005,Hurricane,HURRICANE KATRINA EVACUATION,0,0,1,0,109,99109,St. Johns (County),13031,13024,13057,
3220,2005,Hurricane,HURRICANE KATRINA EVACUATION,0,0,1,0,131,99131,Walton (County),13031,13024,13057,
3220,2005,Hurricane,HURRICANE KATRINA EVACUATION,0,0,1,0,115,99115,Sarasota (County),13031,13024,13057,
3220,2005,Hurricane,HURRICANE KATRINA EVACUATION,0,0,1,0,117,99117,Seminole (County),13031,13024,13057,
3259,2005,Hurricane,TROPICAL STORM RITA,0,0,1,0,11,99011,Broward (County),13046,13044,13079,
3259,2005,Hurricane,TROPICAL STORM RITA,0,0,1,0,86,99086,Miami-Dade (County),13046,13044,13079,
3259,2005,Hurricane,TROPICAL STORM RITA,0,0,1,0,87,99087,Monroe (County),13046,13044,13079,
3259,2005,Hurricane,TROPICAL STORM RITA,0,0,1,0,21,99021,Collier (County),13046,13044,13079,
3288,2008,Severe Storm(s),TROPICAL STORM FAY,0,0,1,0,7,99007,Bradford (County),14112,14109,14134,
3288,2008,Severe Storm(s),TROPICAL STORM FAY,0,0,1,0,19,99019,Clay (County),14112,14109,14134,
3288,2008,Severe Storm(s),TROPICAL STORM FAY,0,0,1,0,53,99053,Hernando (County),14112,14109,14134,
3288,2008,Severe Storm(s),TROPICAL STORM FAY,0,0,1,0,97,99097,Osceola (County),14112,14109,14134,
3288,2008,Severe Storm(s),TROPICAL STORM FAY,0,0,1,0,39,99039,Gadsden (County),14112,14109,14134,
3288,2008,Severe Storm(s),TROPICAL STORM FAY,0,0,1,0,133,99133,Washington (County),14112,14109,14134,
3288,2008,Severe Storm(s),TROPICAL STORM FAY,0,0,1,0,75,99075,Levy (County),14112,14109,14134,
3288,2008,Severe Storm(s),TROPICAL STORM FAY,0,0,1,0,33,99033,Escambia (County),14112,14109,14134,
3288,2008,Severe Storm(s),TROPICAL STORM FAY,0,0,1,0,113,99113,Santa Rosa (County),14112,14109,14134,
3288,2008,Severe Storm(s),TROPICAL STORM FAY,0,0,1,0,73,99073,Leon (County),14112,14109,14134,
3288,2008,Severe Storm(s),TROPICAL STORM FAY,0,0,1,0,45,99045,Gulf (County),14112,14109,14134,
3288,2008,Severe Storm(s),TROPICAL STORM FAY,0,0,1,0,95,99095,Orange (County),14112,14109,14134,
3288,2008,Severe Storm(s),TROPICAL STORM FAY,0,0,1,0,109,99109,St. Johns (County),14112,14109,14134,
3288,2008,Severe Storm(s),TROPICAL STORM FAY,0,0,1,0,79,99079,Madison (County),14112,14109,14134,
3288,2008,Severe Storm(s),TROPICAL STORM FAY,0,0,1,0,111,99111,St. Lucie (County),14112,14109,14134,
3288,2008,Severe Storm(s),TROPICAL STORM FAY,0,0,1,0,87,99087,Monroe (County),14112,14109,14134,
3288,2008,Severe Storm(s),TROPICAL STORM FAY,0,0,1,0,105,99105,Polk (County),14112,14109,14134,
3288,2008,Severe Storm(s),TROPICAL STORM FAY,0,0,1,0,41,99041,Gilchrist (County),14112,14109,14134,
3288,2008,Severe Storm(s),TROPICAL STORM FAY,0,0,1,0,37,99037,Franklin (County),14112,14109,14134,
3288,2008,Severe Storm(s),TROPICAL STORM FAY,0,0,1,0,43,99043,Glades (County),14112,14109,14134,
3288,2008,Severe Storm(s),TROPICAL STORM FAY,0,0,1,0,29,99029,Dixie (County),14112,14109,14134,
3288,2008,Severe Storm(s),TROPICAL STORM FAY,0,0,1,0,121,99121,Suwannee (County),14112,14109,14134,
3288,2008,Severe Storm(s),TROPICAL STORM FAY,0,0,1,0,31,99031,Duval (County),14112,14109,14134,
3288,2008,Severe Storm(s),TROPICAL STORM FAY,0,0,1,0,131,99131,Walton (County),14112,14109,14134,
3288,2008,Severe Storm(s),TROPICAL STORM FAY,0,0,1,0,129,99129,Wakulla (County),14112,14109,14134,
3288,2008,Severe Storm(s),TROPICAL STORM FAY,0,0,1,0,117,99117,Seminole (County),14112,14109,14134,
3288,2008,Severe Storm(s),TROPICAL STORM FAY,0,0,1,0,123,99123,Taylor (County),14112,14109,14134,
3288,2008,Severe Storm(s),TROPICAL STORM FAY,0,0,1,0,93,99093,Okeechobee (County),14112,14109,14134,
3288,2008,Severe Storm(s),TROPICAL STORM FAY,0,0,1,0,59,99059,Holmes (County),14112,14109,14134,
3288,2008,Severe Storm(s),TROPICAL STORM FAY,0,0,1,0,35,99035,Flagler (County),14112,14109,14134,
3288,2008,Severe Storm(s),TROPICAL STORM FAY,0,0,1,0,115,99115,Sarasota (County),14112,14109,14134,
3288,2008,Severe Storm(s),TROPICAL STORM FAY,0,0,1,0,81,99081,Manatee (County),14112,14109,14134,
3288,2008,Severe Storm(s),TROPICAL STORM FAY,0,0,1,0,83,99083,Marion (County),14112,14109,14134,
3288,2008,Severe Storm(s),TROPICAL STORM FAY,0,0,1,0,65,99065,Jefferson (County),14112,14109,14134,
3288,2008,Severe Storm(s),TROPICAL STORM FAY,0,0,1,0,57,99057,Hillsborough (County),14112,14109,14134,
3288,2008,Severe Storm(s),TROPICAL STORM FAY,0,0,1,0,125,99125,Union (County),14112,14109,14134,
3288,2008,Severe Storm(s),TROPICAL STORM FAY,0,0,1,0,99,99099,Palm Beach (County),14112,14109,14134,
3288,2008,Severe Storm(s),TROPICAL STORM FAY,0,0,1,0,61,99061,Indian River (County),14112,14109,14134,
3288,2008,Severe Storm(s),TROPICAL STORM FAY,0,0,1,0,55,99055,Highlands (County),14112,14109,14134,
3288,2008,Severe Storm(s),TROPICAL STORM FAY,0,0,1,0,51,99051,Hendry (County),14112,14109,14134,
3288,2008,Severe Storm(s),TROPICAL STORM FAY,0,0,1,0,107,99107,Putnam (County),14112,14109,14134,
3288,2008,Severe Storm(s),TROPICAL STORM FAY,0,0,1,0,63,99063,Jackson (County),14112,14109,14134,
3288,2008,Severe Storm(s),TROPICAL STORM FAY,0,0,1,0,127,99127,Volusia (County),14112,14109,14134,
3288,2008,Severe Storm(s),TROPICAL STORM FAY,0,0,1,0,101,99101,Pasco (County),14112,14109,14134,
3288,2008,Severe Storm(s),TROPICAL STORM FAY,0,0,1,0,91,99091,Okaloosa (County),14112,14109,14134,
3288,2008,Severe Storm(s),TROPICAL STORM FAY,0,0,1,0,86,99086,Miami-Dade (County),14112,14109,14134,
3288,2008,Severe Storm(s),TROPICAL STORM FAY,0,0,1,0,119,99119,Sumter (County),14112,14109,14134,
3288,2008,Severe Storm(s),TROPICAL STORM FAY,0,0,1,0,103,99103,Pinellas (County),14112,14109,14134,
3288,2008,Severe Storm(s),TROPICAL STORM FAY,0,0,1,0,23,99023,Columbia (County),14112,14109,14134,
3288,2008,Severe Storm(s),TROPICAL STORM FAY,0,0,1,0,49,99049,Hardee (County),14112,14109,14134,
3288,2008,Severe Storm(s),TROPICAL STORM FAY,0,0,1,0,15,99015,Charlotte (County),14112,14109,14134,
3288,2008,Severe Storm(s),TROPICAL STORM FAY,0,0,1,0,17,99017,Citrus (County),14112,14109,14134,
3288,2008,Severe Storm(s),TROPICAL STORM FAY,0,0,1,0,21,99021,Collier (County),14112,14109,14134,
3288,2008,Severe Storm(s),TROPICAL STORM FAY,0,0,1,0,47,99047,Hamilton (County),14112,14109,14134,
3288,2008,Severe Storm(s),TROPICAL STORM FAY,0,0,1,0,1,99001,Alachua (County),14112,14109,14134,
3288,2008,Severe Storm(s),TROPICAL STORM FAY,0,0,1,0,5,99005,Bay (County),14112,14109,14134,
3288,2008,Severe Storm(s),TROPICAL STORM FAY,0,0,1,0,9,99009,Brevard (County),14112,14109,14134,
3288,2008,Severe Storm(s),TROPICAL STORM FAY,0,0,1,0,27,99027,DeSoto (County),14112,14109,14134,
3288,2008,Severe Storm(s),TROPICAL STORM FAY,0,0,1,0,3,99003,Baker (County),14112,14109,14134,
3288,2008,Severe Storm(s),TROPICAL STORM FAY,0,0,1,0,11,99011,Broward (County),14112,14109,14134,
3288,2008,Severe Storm(s),TROPICAL STORM FAY,0,0,1,0,13,99013,Calhoun (County),14112,14109,14134,
3288,2008,Severe Storm(s),TROPICAL STORM FAY,0,0,1,0,67,99067,Lafayette (County),14112,14109,14134,
3288,2008,Severe Storm(s),TROPICAL STORM FAY,0,0,1,0,77,99077,Liberty (County),14112,14109,14134,
3288,2008,Severe Storm(s),TROPICAL STORM FAY,0,0,1,0,85,99085,Martin (County),14112,14109,14134,
3288,2008,Severe Storm(s),TROPICAL STORM FAY,0,0,1,0,71,99071,Lee (County),14112,14109,14134,
3288,2008,Severe Storm(s),TROPICAL STORM FAY,0,0,1,0,69,99069,Lake (County),14112,14109,14134,
3288,2008,Severe Storm(s),TROPICAL STORM FAY,0,0,1,0,89,99089,Nassau (County),14112,14109,14134,
3293,2008,Hurricane,HURRICANE IKE,0,0,1,0,87,99087,Monroe (County),14129,14127,14134,
3377,2017,Hurricane,HURRICANE MATTHEW,0,0,1,0,107,99107,Putnam (County),17080,17077,17094,
3377,2017,Hurricane,HURRICANE MATTHEW,0,0,1,0,61,99061,Indian River (County),17080,17077,17094,
3377,2017,Hurricane,HURRICANE MATTHEW,0,0,1,0,85,99085,Martin (County),17080,17077,17094,
3377,2017,Hurricane,HURRICANE MATTHEW,0,0,1,0,19,99019,Clay (County),17080,17077,17094,
3377,2017,Hurricane,HURRICANE MATTHEW,0,0,1,0,35,99035,Flagler (County),17080,17077,17094,
3377,2017,Hurricane,HURRICANE MATTHEW,0,0,1,0,53,99053,Hernando (County),17080,17077,17094,
3377,2017,Hurricane,HURRICANE MATTHEW,0,0,1,0,3,99003,Baker (County),17080,17077,17094,
3377,2017,Hurricane,HURRICANE MATTHEW,0,0,1,0,109,99109,St. Johns (County),17080,17077,17094,
3377,2017,Hurricane,HURRICANE MATTHEW,0,0,1,0,11,99011,Broward (County),17080,17077,17094,
3377,2017,Hurricane,HURRICANE MATTHEW,0,0,1,0,95,99095,Orange (County),17080,17077,17094,
3377,2017,Hurricane,HURRICANE MATTHEW,0,0,1,0,43,99043,Glades (County),17080,17077,17094,
3377,2017,Hurricane,HURRICANE MATTHEW,0,0,1,0,17,99017,Citrus (County),17080,17077,17094,
3377,2017,Hurricane,HURRICANE MATTHEW,0,0,1,0,69,99069,Lake (County),17080,17077,17094,
3377,2017,Hurricane,HURRICANE MATTHEW,0,0,1,0,31,99031,Duval (County),17080,17077,17094,
3377,2017,Hurricane,HURRICANE MATTHEW,0,0,1,0,83,99083,Marion (County),17080,17077,17094,
3377,2017,Hurricane,HURRICANE MATTHEW,0,0,1,0,93,99093,Okeechobee (County),17080,17077,17094,
3377,2017,Hurricane,HURRICANE MATTHEW,0,0,1,0,89,99089,Nassau (County),17080,17077,17094,
3377,2017,Hurricane,HURRICANE MATTHEW,0,0,1,0,9,99009,Brevard (County),17080,17077,17094,
3377,2017,Hurricane,HURRICANE MATTHEW,0,0,1,0,86,99086,Miami-Dade (County),17080,17077,17094,
3377,2017,Hurricane,HURRICANE MATTHEW,0,0,1,0,87,99087,Monroe (County),17080,17077,17094,
3377,2017,Hurricane,HURRICANE MATTHEW,0,0,1,0,97,99097,Osceola (County),17080,17077,17094,
3377,2017,Hurricane,HURRICANE MATTHEW,0,0,1,0,51,99051,Hendry (County),17080,17077,17094,
3377,2017,Hurricane,HURRICANE MATTHEW,0,0,1,0,55,99055,Highlands (County),17080,17077,17094,
3377,2017,Hurricane,HURRICANE MATTHEW,0,0,1,0,99,99099,Palm Beach (County),17080,17077,17094,
3377,2017,Hurricane,HURRICANE MATTHEW,0,0,1,0,105,99105,Polk (County),17080,17077,17094,
3377,2017,Hurricane,HURRICANE MATTHEW,0,0,1,0,117,99117,Seminole (County),17080,17077,17094,
3377,2017,Hurricane,HURRICANE MATTHEW,0,0,1,0,111,99111,St. Lucie (County),17080,17077,17094,
3377,2017,Hurricane,HURRICANE MATTHEW,0,0,1,0,127,99127,Volusia (County),17080,17077,17094,
3385,2017,Hurricane,HURRICANE IRMA,0,0,1,0,29,99029,Dixie (County),17414,17414,17458,
3385,2017,Hurricane,HURRICANE IRMA,0,0,1,0,11,99011,Broward (County),17414,17414,17458,
3385,2017,Hurricane,HURRICANE IRMA,0,0,1,0,9,99009,Brevard (County),17414,17414,17458,
3385,2017,Hurricane,HURRICANE IRMA,0,0,1,0,21,99021,Collier (County),17414,17414,17458,
3385,2017,Hurricane,HURRICANE IRMA,0,0,1,0,117,99117,Seminole (County),17414,17414,17458,
3385,2017,Hurricane,HURRICANE IRMA,0,0,1,0,3,99003,Baker (County),17414,17414,17458,
3385,2017,Hurricane,HURRICANE IRMA,0,0,1,0,69,99069,Lake (County),17414,17414,17458,
3385,2017,Hurricane,HURRICANE IRMA,0,0,1,0,35,99035,Flagler (County),17414,17414,17458,
3385,2017,Hurricane,HURRICANE IRMA,0,0,1,0,73,99073,Leon (County),17414,17414,17458,
3385,2017,Hurricane,HURRICANE IRMA,0,0,1,0,125,99125,Union (County),17414,17414,17458,
3385,2017,Hurricane,HURRICANE IRMA,0,0,1,0,19,99019,Clay (County),17414,17414,17458,
3385,2017,Hurricane,HURRICANE IRMA,0,0,1,0,53,99053,Hernando (County),17414,17414,17458,
3385,2017,Hurricane,HURRICANE IRMA,0,0,1,0,57,99057,Hillsborough (County),17414,17414,17458,
3385,2017,Hurricane,HURRICANE IRMA,0,0,1,0,97,99097,Osceola (County),17414,17414,17458,
3385,2017,Hurricane,HURRICANE IRMA,0,0,1,0,131,99131,Walton (County),17414,17414,17458,
3385,2017,Hurricane,HURRICANE IRMA,0,0,1,0,91,99091,Okaloosa (County),17414,17414,17458,
3385,2017,Hurricane,HURRICANE IRMA,0,0,1,0,55,99055,Highlands (County),17414,17414,17458,
3385,2017,Hurricane,HURRICANE IRMA,0,0,1,0,61,99061,Indian River (County),17414,17414,17458,
3385,2017,Hurricane,HURRICANE IRMA,0,0,1,0,115,99115,Sarasota (County),17414,17414,17458,
3385,2017,Hurricane,HURRICANE IRMA,0,0,1,0,113,99113,Santa Rosa (County),17414,17414,17458,
3385,2017,Hurricane,HURRICANE IRMA,0,0,1,0,75,99075,Levy (County),17414,17414,17458,
3385,2017,Hurricane,HURRICANE IRMA,0,0,1,0,27,99027,DeSoto (County),17414,17414,17458,
3385,2017,Hurricane,HURRICANE IRMA,0,0,1,0,127,99127,Volusia (County),17414,17414,17458,
3385,2017,Hurricane,HURRICANE IRMA,0,0,1,0,65,99065,Jefferson (County),17414,17414,17458,
3385,2017,Hurricane,HURRICANE IRMA,0,0,1,0,7,99007,Bradford (County),17414,17414,17458,
3385,2017,Hurricane,HURRICANE IRMA,0,0,1,0,81,99081,Manatee (County),17414,17414,17458,
3385,2017,Hurricane,HURRICANE IRMA,0,0,1,0,43,99043,Glades (County),17414,17414,17458,
3385,2017,Hurricane,HURRICANE IRMA,0,0,1,0,85,99085,Martin (County),17414,17414,17458,
3385,2017,Hurricane,HURRICANE IRMA,0,0,1,0,67,99067,Lafayette (County),17414,17414,17458,
3385,2017,Hurricane,HURRICANE IRMA,0,0,1,0,121,99121,Suwannee (County),17414,17414,17458,
3385,2017,Hurricane,HURRICANE IRMA,0,0,1,0,51,99051,Hendry (County),17414,17414,17458,
3385,2017,Hurricane,HURRICANE IRMA,0,0,1,0,47,99047,Hamilton (County),17414,17414,17458,
3385,2017,Hurricane,HURRICANE IRMA,0,0,1,0,129,99129,Wakulla (County),17414,17414,17458,
3385,2017,Hurricane,HURRICANE IRMA,0,0,1,0,89,99089,Nassau (County),17414,17414,17458,
3385,2017,Hurricane,HURRICANE IRMA,0,0,1,0,101,99101,Pasco (County),17414,17414,17458,
3385,2017,Hurricane,HURRICANE IRMA,0,0,1,0,33,99033,Escambia (County),17414,17414,17458,
3385,2017,Hurricane,HURRICANE IRMA,0,0,1,0,79,99079,Madison (County),17414,17414,17458,
3385,2017,Hurricane,HURRICANE IRMA,0,0,1,0,49,99049,Hardee (County),17414,17414,17458,
3385,2017,Hurricane,HURRICANE IRMA,0,0,1,0,41,99041,Gilchrist (County),17414,17414,17458,
3385,2017,Hurricane,HURRICANE IRMA,0,0,1,0,63,99063,Jackson (County),17414,17414,17458,
3385,2017,Hurricane,HURRICANE IRMA,0,0,1,0,45,99045,Gulf (County),17414,17414,17458,
3385,2017,Hurricane,HURRICANE IRMA,0,0,1,0,17,99017,Citrus (County),17414,17414,17458,
3385,2017,Hurricane,HURRICANE IRMA,0,0,1,0,13,99013,Calhoun (County),17414,17414,17458,
3385,2017,Hurricane,HURRICANE IRMA,0,0,1,0,95,99095,Orange (County),17414,17414,17458,
3385,2017,Hurricane,HURRICANE IRMA,0,0,1,0,86,99086,Miami-Dade (County),17414,17414,17458,
3385,2017,Hurricane,HURRICANE IRMA,0,0,1,0,105,99105,Polk (County),17414,17414,17458,
3385,2017,Hurricane,HURRICANE IRMA,0,0,1,0,93,99093,Okeechobee (County),17414,17414,17458,
3385,2017,Hurricane,HURRICANE IRMA,0,0,1,0,71,99071,Lee (County),17414,17414,17458,
3385,2017,Hurricane,HURRICANE IRMA,0,0,1,0,23,99023,Columbia (County),17414,17414,17458,
3385,2017,Hurricane,HURRICANE IRMA,0,0,1,0,103,99103,Pinellas (County),17414,17414,17458,
3385,2017,Hurricane,HURRICANE IRMA,0,0,1,0,107,99107,Putnam (County),17414,17414,17458,
3385,2017,Hurricane,HURRICANE IRMA,0,0,1,0,111,99111,St. Lucie (County),17414,17414,17458,
3385,2017,Hurricane,HURRICANE IRMA,0,0,1,0,119,99119,Sumter (County),17414,17414,17458,
3385,2017,Hurricane,HURRICANE IRMA,0,0,1,0,83,99083,Marion (County),17414,17414,17458,
3385,2017,Hurricane,HURRICANE IRMA,0,0,1,0,59,99059,Holmes (County),17414,17414,17458,
3385,2017,Hurricane,HURRICANE IRMA,0,0,1,0,133,99133,Washington (County),17414,17414,17458,
3385,2017,Hurricane,HURRICANE IRMA,0,0,1,0,15,99015,Charlotte (County),17414,17414,17458,
3385,2017,Hurricane,HURRICANE IRMA,0,0,1,0,5,99005,Bay (County),17414,17414,17458,
3385,2017,Hurricane,HURRICANE IRMA,0,0,1,0,31,99031,Duval (County),17414,17414,17458,
3385,2017,Hurricane,HURRICANE IRMA,0,0,1,0,1,99001,Alachua (County),17414,17414,17458,
3385,2017,Hurricane,HURRICANE IRMA,0,0,1,0,109,99109,St. Johns (County),17414,17414,17458,
3385,2017,Hurricane,HURRICANE IRMA,0,0,1,0,37,99037,Franklin (County),17414,17414,17458,
3385,2017,Hurricane,HURRICANE IRMA,0,0,1,0,39,99039,Gadsden (County),17414,17414,17458,
3385,2017,Hurricane,HURRICANE IRMA,0,0,1,0,123,99123,Taylor (County),17414,17414,17458,
3385,2017,Hurricane,HURRICANE IRMA,0,0,1,0,87,99087,Monroe (County),17414,17414,17458,
3385,2017,Hurricane,HURRICANE IRMA,0,0,1,0,77,99077,Liberty (County),17414,17414,17458,
3385,2017,Hurricane,HURRICANE IRMA,0,0,1,0,99,99099,Palm Beach (County),17414,17414,17458,
3388,2017,Hurricane,HURRICANE IRMA,0,0,1,0,0,32125,Hollywood Indian Reservation,17418,17413,17444,
3395,2018,Hurricane,HURRICANE NATE,0,0,1,0,113,99113,Santa Rosa (County),17447,17446,17451,
3395,2018,Hurricane,HURRICANE NATE,0,0,1,0,33,99033,Escambia (County),17447,17446,17451,
3405,2019,Hurricane,HURRICANE MICHAEL,0,0,1,0,17,99017,Citrus (County),17813,17811,17824,
3405,2019,Hurricane,HURRICANE MICHAEL,0,0,1,0,7,99007,Bradford (County),17813,17811,17824,
3405,2019,Hurricane,HURRICANE MICHAEL,0,0,1,0,133,99133,Washington (County),17813,17811,17824,
3405,2019,Hurricane,HURRICANE MICHAEL,0,0,1,0,123,99123,Taylor (County),17813,17811,17824,
3405,2019,Hurricane,HURRICANE MICHAEL,0,0,1,0,45,99045,Gulf (County),17813,17811,17824,
3405,2019,Hurricane,HURRICANE MICHAEL,0,0,1,0,53,99053,Hernando (County),17813,17811,17824,
3405,2019,Hurricane,HURRICANE MICHAEL,0,0,1,0,75,99075,Levy (County),17813,17811,17824,
3405,2019,Hurricane,HURRICANE MICHAEL,0,0,1,0,5,99005,Bay (County),17813,17811,17824,
3405,2019,Hurricane,HURRICANE MICHAEL,0,0,1,0,1,99001,Alachua (County),17813,17811,17824,
3405,2019,Hurricane,HURRICANE MICHAEL,0,0,1,0,63,99063,Jackson (County),17813,17811,17824,
3405,2019,Hurricane,HURRICANE MICHAEL,0,0,1,0,59,99059,Holmes (County),17813,17811,17824,
3405,2019,Hurricane,HURRICANE MICHAEL,0,0,1,0,39,99039,Gadsden (County),17813,17811,17824,
3405,2019,Hurricane,HURRICANE MICHAEL,0,0,1,0,3,99003,Baker (County),17813,17811,17824,
3405,2019,Hurricane,HURRICANE MICHAEL,0,0,1,0,65,99065,Jefferson (County),17813,17811,17824,
3405,2019,Hurricane,HURRICANE MICHAEL,0,0,1,0,13,99013,Calhoun (County),17813,17811,17824,
3405,2019,Hurricane,HURRICANE MICHAEL,0,0,1,0,125,99125,Union (County),17813,17811,17824,
3405,2019,Hurricane,HURRICANE MICHAEL,0,0,1,0,23,99023,Columbia (County),17813,17811,17824,
3405,2019,Hurricane,HURRICANE MICHAEL,0,0,1,0,101,99101,Pasco (County),17813,17811,17824,
3405,2019,Hurricane,HURRICANE MICHAEL,0,0,1,0,131,99131,Walton (County),17813,17811,17824,
3405,2019,Hurricane,HURRICANE MICHAEL,0,0,1,0,37,99037,Franklin (County),17813,17811,17824,
3405,2019,Hurricane,HURRICANE MICHAEL,0,0,1,0,33,99033,Escambia (County),17813,17811,17824,
3405,2019,Hurricane,HURRICANE MICHAEL,0,0,1,0,77,99077,Liberty (County),17813,17811,17824,
3405,2019,Hurricane,HURRICANE MICHAEL,0,0,1,0,41,99041,Gilchrist (County),17813,17811,17824,
3405,2019,Hurricane,HURRICANE MICHAEL,0,0,1,0,103,99103,Pinellas (County),17813,17811,17824,
3405,2019,Hurricane,HURRICANE MICHAEL,0,0,1,0,67,99067,Lafayette (County),17813,17811,17824,
3405,2019,Hurricane,HURRICANE MICHAEL,0,0,1,0,73,99073,Leon (County),17813,17811,17824,
3405,2019,Hurricane,HURRICANE MICHAEL,0,0,1,0,91,99091,Okaloosa (County),17813,17811,17824,
3405,2019,Hurricane,HURRICANE MICHAEL,0,0,1,0,47,99047,Hamilton (County),17813,17811,17824,
3405,2019,Hurricane,HURRICANE MICHAEL,0,0,1,0,121,99121,Suwannee (County),17813,17811,17824,
3405,2019,Hurricane,HURRICANE MICHAEL,0,0,1,0,113,99113,Santa Rosa (County),17813,17811,17824,
3405,2019,Hurricane,HURRICANE MICHAEL,0,0,1,0,79,99079,Madison (County),17813,17811,17824,
3405,2019,Hurricane,HURRICANE MICHAEL,0,0,1,0,29,99029,Dixie (County),17813,17811,17824,
3405,2019,Hurricane,HURRICANE MICHAEL,0,0,1,0,129,99129,Wakulla (County),17813,17811,17824,
3405,2019,Hurricane,HURRICANE MICHAEL,0,0,1,0,57,99057,Hillsborough (County),17813,17811,17824,
3405,2019,Hurricane,HURRICANE MICHAEL,0,0,1,0,81,99081,Manatee (County),17813,17811,17824,
4068,2012,Severe Storm(s),TROPICAL STORM DEBBY,0,0,1,1,47,99047,Hamilton (County),15524,15515,15547,
4068,2012,Severe Storm(s),TROPICAL STORM DEBBY,0,0,1,1,21,99021,Collier (County),15524,15515,15547,
4068,2012,Severe Storm(s),TROPICAL STORM DEBBY,0,0,1,1,15,99015,Charlotte (County),15524,15515,15547,
4068,2012,Severe Storm(s),TROPICAL STORM DEBBY,0,0,1,1,79,99079,Madison (County),15524,15515,15547,
4068,2012,Severe Storm(s),TROPICAL STORM DEBBY,0,0,1,1,65,99065,Jefferson (County),15524,15515,15547,
4068,2012,Severe Storm(s),TROPICAL STORM DEBBY,1,0,0,1,41,99041,Gilchrist (County),15524,15515,15547,
4068,2012,Severe Storm(s),TROPICAL STORM DEBBY,0,0,1,1,71,99071,Lee (County),15524,15515,15547,
4068,2012,Severe Storm(s),TROPICAL STORM DEBBY,0,0,1,1,77,99077,Liberty (County),15524,15515,15547,
4068,2012,Severe Storm(s),TROPICAL STORM DEBBY,0,0,1,1,75,99075,Levy (County),15524,15515,15547,
4068,2012,Severe Storm(s),TROPICAL STORM DEBBY,0,0,1,1,107,99107,Putnam (County),15524,15515,15547,
4068,2012,Severe Storm(s),TROPICAL STORM DEBBY,0,0,1,1,45,99045,Gulf (County),15524,15515,15547,
4068,2012,Severe Storm(s),TROPICAL STORM DEBBY,0,0,1,1,113,99113,Santa Rosa (County),15524,15515,15547,
4068,2012,Severe Storm(s),TROPICAL STORM DEBBY,0,0,1,1,29,99029,Dixie (County),15524,15515,15547,
4068,2012,Severe Storm(s),TROPICAL STORM DEBBY,1,0,0,1,55,99055,Highlands (County),15524,15515,15547,
4068,2012,Severe Storm(s),TROPICAL STORM DEBBY,1,0,0,1,57,99057,Hillsborough (County),15524,15515,15547,
4068,2012,Severe Storm(s),TROPICAL STORM DEBBY,1,0,0,1,105,99105,Polk (County),15524,15515,15547,
4068,2012,Severe Storm(s),TROPICAL STORM DEBBY,1,0,1,1,7,99007,Bradford (County),15524,15515,15547,
4068,2012,Severe Storm(s),TROPICAL STORM DEBBY,1,0,1,1,3,99003,Baker (County),15524,15515,15547,
4068,2012,Severe Storm(s),TROPICAL STORM DEBBY,1,0,1,1,19,99019,Clay (County),15524,15515,15547,
4068,2012,Severe Storm(s),TROPICAL STORM DEBBY,1,0,1,1,31,99031,Duval (County),15524,15515,15547,
4068,2012,Severe Storm(s),TROPICAL STORM DEBBY,1,0,1,1,37,99037,Franklin (County),15524,15515,15547,
4068,2012,Severe Storm(s),TROPICAL STORM DEBBY,1,0,1,1,17,99017,Citrus (County),15524,15515,15547,
4068,2012,Severe Storm(s),TROPICAL STORM DEBBY,1,0,1,1,53,99053,Hernando (County),15524,15515,15547,
4068,2012,Severe Storm(s),TROPICAL STORM DEBBY,1,0,1,1,67,99067,Lafayette (County),15524,15515,15547,
4068,2012,Severe Storm(s),TROPICAL STORM DEBBY,1,0,1,1,81,99081,Manatee (County),15524,15515,15547,
4068,2012,Severe Storm(s),TROPICAL STORM DEBBY,1,0,1,1,101,99101,Pasco (County),15524,15515,15547,
4068,2012,Severe Storm(s),TROPICAL STORM DEBBY,1,0,1,1,103,99103,Pinellas (County),15524,15515,15547,
4068,2012,Severe Storm(s),TROPICAL STORM DEBBY,1,0,1,1,23,99023,Columbia (County),15524,15515,15547,
4068,2012,Severe Storm(s),TROPICAL STORM DEBBY,1,0,1,1,121,99121,Suwannee (County),15524,15515,15547,
4068,2012,Severe Storm(s),TROPICAL STORM DEBBY,1,0,1,1,123,99123,Taylor (County),15524,15515,15547,
4068,2012,Severe Storm(s),TROPICAL STORM DEBBY,1,0,1,1,129,99129,Wakulla (County),15524,15515,15547,
4068,2012,Severe Storm(s),TROPICAL STORM DEBBY,1,0,1,1,125,99125,Union (County),15524,15515,15547,
4068,2012,Severe Storm(s),TROPICAL STORM DEBBY,1,0,1,1,115,99115,Sarasota (County),15524,15515,15547,
4068,2012,Severe Storm(s),TROPICAL STORM DEBBY,1,0,1,1,89,99089,Nassau (County),15524,15515,15547,
4084,2013,Hurricane,HURRICANE ISAAC,0,0,1,1,113,99113,Santa Rosa (County),15631,15579,15581,
4084,2013,Hurricane,HURRICANE ISAAC,0,0,1,1,85,99085,Martin (County),15631,15579,15581,
4084,2013,Hurricane,HURRICANE ISAAC,0,0,1,1,5,99005,Bay (County),15631,15579,15581,
4084,2013,Hurricane,HURRICANE ISAAC,0,0,1,1,87,99087,Monroe (County),15631,15579,15581,
4084,2013,Hurricane,HURRICANE ISAAC,0,0,1,1,43,99043,Glades (County),15631,15579,15581,
4084,2013,Hurricane,HURRICANE ISAAC,0,0,1,1,111,99111,St. Lucie (County),15631,15579,15581,
4084,2013,Hurricane,HURRICANE ISAAC,0,0,1,1,21,99021,Collier (County),15631,15579,15581,
4084,2013,Hurricane,HURRICANE ISAAC,0,0,1,1,91,99091,Okaloosa (County),15631,15579,15581,
4084,2013,Hurricane,HURRICANE ISAAC,0,0,1,1,99,99099,Palm Beach (County),15631,15579,15581,
4084,2013,Hurricane,HURRICANE ISAAC,0,0,1,1,33,99033,Escambia (County),15631,15579,15581,
4084,2013,Hurricane,HURRICANE ISAAC,0,0,1,1,45,99045,Gulf (County),15631,15579,15581,
4084,2013,Hurricane,HURRICANE ISAAC,0,0,1,1,37,99037,Franklin (County),15631,15579,15581,
4138,2013,Severe Storm(s),SEVERE STORMS AND FLOODING,0,0,1,1,5,99005,Bay (County),15919,15888,15893,
4138,2013,Severe Storm(s),SEVERE STORMS AND FLOODING,0,0,1,1,131,99131,Walton (County),15919,15888,15893,
4138,2013,Severe Storm(s),SEVERE STORMS AND FLOODING,0,0,1,1,59,99059,Holmes (County),15919,15888,15893,
4138,2013,Severe Storm(s),SEVERE STORMS AND FLOODING,0,0,1,1,133,99133,Washington (County),15919,15888,15893,
4177,2014,Severe Storm(s),"SEVERE STORMS, TORNADOES, STRAIGHT-LINE WINDS, AND FLOODING",0,0,1,1,59,99059,Holmes (County),16196,16188,16196,
4177,2014,Severe Storm(s),"SEVERE STORMS, TORNADOES, STRAIGHT-LINE WINDS, AND FLOODING",1,0,1,1,33,99033,Escambia (County),16196,16188,16196,
4177,2014,Severe Storm(s),"SEVERE STORMS, TORNADOES, STRAIGHT-LINE WINDS, AND FLOODING",0,0,1,1,133,99133,Washington (County),16196,16188,16196,
4177,2014,Severe Storm(s),"SEVERE STORMS, TORNADOES, STRAIGHT-LINE WINDS, AND FLOODING",1,0,1,1,113,99113,Santa Rosa (County),16196,16188,16196,
4177,2014,Severe Storm(s),"SEVERE STORMS, TORNADOES, STRAIGHT-LINE WINDS, AND FLOODING",0,0,1,1,5,99005,Bay (County),16196,16188,16196,
4177,2014,Severe Storm(s),"SEVERE STORMS, TORNADOES, STRAIGHT-LINE WINDS, AND FLOODING",0,0,1,1,13,99013,Calhoun (County),16196,16188,16196,
4177,2014,Severe Storm(s),"SEVERE STORMS, TORNADOES, STRAIGHT-LINE WINDS, AND FLOODING",1,0,1,1,63,99063,Jackson (County),16196,16188,16196,
4177,2014,Severe Storm(s),"SEVERE STORMS, TORNADOES, STRAIGHT-LINE WINDS, AND FLOODING",1,0,1,1,91,99091,Okaloosa (County),16196,16188,16196,
4177,2014,Severe Storm(s),"SEVERE STORMS, TORNADOES, STRAIGHT-LINE WINDS, AND FLOODING",1,0,1,1,131,99131,Walton (County),16196,16188,16196,
4283,2017,Hurricane,HURRICANE MATTHEW,0,0,1,1,97,99097,Osceola (County),17083,17077,17094,
4280,2016,Hurricane,HURRICANE HERMINE,1,0,1,1,103,99103,Pinellas (County),17072,17044,17056,
4283,2017,Hurricane,HURRICANE MATTHEW,0,0,1,1,99,99099,Palm Beach (County),17083,17077,17094,
4280,2016,Hurricane,HURRICANE HERMINE,0,0,1,1,37,99037,Franklin (County),17072,17044,17056,
4280,2016,Hurricane,HURRICANE HERMINE,0,0,1,1,119,99119,Sumter (County),17072,17044,17056,
4280,2016,Hurricane,HURRICANE HERMINE,1,0,1,1,29,99029,Dixie (County),17072,17044,17056,
4280,2016,Hurricane,HURRICANE HERMINE,0,0,1,1,65,99065,Jefferson (County),17072,17044,17056,
4283,2017,Hurricane,HURRICANE MATTHEW,1,0,1,1,9,99009,Brevard (County),17083,17077,17094,
4283,2017,Hurricane,HURRICANE MATTHEW,0,0,1,1,7,99007,Bradford (County),17083,17077,17094,
4280,2016,Hurricane,HURRICANE HERMINE,0,0,1,1,115,99115,Sarasota (County),17072,17044,17056,
4280,2016,Hurricane,HURRICANE HERMINE,0,0,1,1,121,99121,Suwannee (County),17072,17044,17056,
4280,2016,Hurricane,HURRICANE HERMINE,1,0,1,1,73,99073,Leon (County),17072,17044,17056,
4280,2016,Hurricane,HURRICANE HERMINE,0,0,1,1,39,99039,Gadsden (County),17072,17044,17056,
4280,2016,Hurricane,HURRICANE HERMINE,1,0,1,1,17,99017,Citrus (County),17072,17044,17056,
4283,2017,Hurricane,HURRICANE MATTHEW,0,0,1,1,11,99011,Broward (County),17083,17077,17094,
4280,2016,Hurricane,HURRICANE HERMINE,0,0,1,1,83,99083,Marion (County),17072,17044,17056,
4283,2017,Hurricane,HURRICANE MATTHEW,1,0,1,1,89,99089,Nassau (County),17083,17077,17094,
4280,2016,Hurricane,HURRICANE HERMINE,1,0,1,1,129,99129,Wakulla (County),17072,17044,17056,
4280,2016,Hurricane,HURRICANE HERMINE,1,0,1,1,123,99123,Taylor (County),17072,17044,17056,
4280,2016,Hurricane,HURRICANE HERMINE,1,0,1,1,75,99075,Levy (County),17072,17044,17056,
4283,2017,Hurricane,HURRICANE MATTHEW,1,0,1,1,117,99117,Seminole (County),17083,17077,17094,
4280,2016,Hurricane,HURRICANE HERMINE,0,0,1,1,1,99001,Alachua (County),17072,17044,17056,
4280,2016,Hurricane,HURRICANE HERMINE,1,0,1,1,81,99081,Manatee (County),17072,17044,17056,
4283,2017,Hurricane,HURRICANE MATTHEW,0,0,1,1,95,99095,Orange (County),17083,17077,17094,
4283,2017,Hurricane,HURRICANE MATTHEW,1,0,1,1,127,99127,Volusia (County),17083,17077,17094,
4280,2016,Hurricane,HURRICANE HERMINE,0,0,1,1,125,99125,Union (County),17072,17044,17056,
4283,2017,Hurricane,HURRICANE MATTHEW,1,0,1,1,109,99109,St. Johns (County),17083,17077,17094,
4283,2017,Hurricane,HURRICANE MATTHEW,1,0,1,1,31,99031,Duval (County),17083,17077,17094,
4280,2016,Hurricane,HURRICANE HERMINE,0,0,1,1,41,99041,Gilchrist (County),17072,17044,17056,
4283,2017,Hurricane,HURRICANE MATTHEW,0,0,1,1,85,99085,Martin (County),17083,17077,17094,
4283,2017,Hurricane,HURRICANE MATTHEW,1,0,1,1,107,99107,Putnam (County),17083,17077,17094,
4280,2016,Hurricane,HURRICANE HERMINE,0,0,1,1,67,99067,Lafayette (County),17072,17044,17056,
4337,2017,Hurricane,HURRICANE IRMA,1,0,1,1,86,99086,Miami-Dade (County),17419,17413,17458,
4280,2016,Hurricane,HURRICANE HERMINE,0,0,1,1,23,99023,Columbia (County),17072,17044,17056,
4283,2017,Hurricane,HURRICANE MATTHEW,0,0,1,1,111,99111,St. Lucie (County),17083,17077,17094,
4283,2017,Hurricane,HURRICANE MATTHEW,0,0,1,1,69,99069,Lake (County),17083,17077,17094,
4337,2017,Hurricane,HURRICANE IRMA,1,0,1,1,75,99075,Levy (County),17419,17413,17458,
4280,2016,Hurricane,HURRICANE HERMINE,0,0,1,1,79,99079,Madison (County),17072,17044,17056,
4337,2017,Hurricane,HURRICANE IRMA,1,0,1,1,1,99001,Alachua (County),17419,17413,17458,
4280,2016,Hurricane,HURRICANE HERMINE,1,0,0,1,57,99057,Hillsborough (County),17072,17044,17056,
4283,2017,Hurricane,HURRICANE MATTHEW,1,0,1,1,35,99035,Flagler (County),17083,17077,17094,
4280,2016,Hurricane,HURRICANE HERMINE,0,0,1,1,77,99077,Liberty (County),17072,17044,17056,
4283,2017,Hurricane,HURRICANE MATTHEW,1,0,1,1,61,99061,Indian River (County),17083,17077,17094,
4280,2016,Hurricane,HURRICANE HERMINE,1,0,1,1,53,99053,Hernando (County),17072,17044,17056,
4280,2016,Hurricane,HURRICANE HERMINE,0,0,1,1,3,99003,Baker (County),17072,17044,17056,
4280,2016,Hurricane,HURRICANE HERMINE,1,0,1,1,101,99101,Pasco (County),17072,17044,17056,
4283,2017,Hurricane,HURRICANE MATTHEW,0,0,1,1,19,99019,Clay (County),17083,17077,17094,
4337,2017,Hurricane,HURRICANE IRMA,1,0,1,1,83,99083,Marion (County),17419,17413,17458,
4337,2017,Hurricane,HURRICANE IRMA,1,0,1,1,109,99109,St. Johns (County),17419,17413,17458,
4337,2017,Hurricane,HURRICANE IRMA,1,0,1,1,87,99087,Monroe (County),17419,17413,17458,
4337,2017,Hurricane,HURRICANE IRMA,1,0,1,1,23,99023,Columbia (County),17419,17413,17458,
4337,2017,Hurricane,HURRICANE IRMA,1,0,1,1,89,99089,Nassau (County),17419,17413,17458,
4337,2017,Hurricane,HURRICANE IRMA,1,0,1,1,49,99049,Hardee (County),17419,17413,17458,
4399,2019,Hurricane,HURRICANE MICHAEL,0,0,1,1,47,99047,Hamilton (County),17815,17811,17824,
4337,2017,Hurricane,HURRICANE IRMA,1,0,1,1,115,99115,Sarasota (County),17419,17413,17458,
4337,2017,Hurricane,HURRICANE IRMA,1,0,1,1,7,99007,Bradford (County),17419,17413,17458,
4337,2017,Hurricane,HURRICANE IRMA,1,0,1,1,125,99125,Union (County),17419,17413,17458,
4337,2017,Hurricane,HURRICANE IRMA,1,0,1,1,71,99071,Lee (County),17419,17413,17458,
4337,2017,Hurricane,HURRICANE IRMA,0,0,1,1,129,99129,Wakulla (County),17419,17413,17458,
4337,2017,Hurricane,HURRICANE IRMA,1,0,1,1,107,99107,Putnam (County),17419,17413,17458,
4337,2017,Hurricane,HURRICANE IRMA,0,0,1,1,37,99037,Franklin (County),17419,17413,17458,
4337,2017,Hurricane,HURRICANE IRMA,0,0,1,1,113,99113,Santa Rosa (County),17419,17413,17458,
4337,2017,Hurricane,HURRICANE IRMA,1,0,1,1,69,99069,Lake (County),17419,17413,17458,
4337,2017,Hurricane,HURRICANE IRMA,0,0,1,1,123,99123,Taylor (County),17419,17413,17458,
4337,2017,Hurricane,HURRICANE IRMA,1,0,1,1,9,99009,Brevard (County),17419,17413,17458,
4337,2017,Hurricane,HURRICANE IRMA,1,0,1,1,41,99041,Gilchrist (County),17419,17413,17458,
4337,2017,Hurricane,HURRICANE IRMA,0,0,1,1,77,99077,Liberty (County),17419,17413,17458,
4341,2017,Hurricane,HURRICANE IRMA - SEMINOLE TRIBE OF FLORIDA,1,0,1,1,0,32125,Hollywood Indian Reservation,17436,17413,17444,
4337,2017,Hurricane,HURRICANE IRMA,1,0,1,1,15,99015,Charlotte (County),17419,17413,17458,
4337,2017,Hurricane,HURRICANE IRMA,1,0,1,1,31,99031,Duval (County),17419,17413,17458,
4337,2017,Hurricane,HURRICANE IRMA,0,0,1,1,59,99059,Holmes (County),17419,17413,17458,
4399,2019,Hurricane,HURRICANE MICHAEL,1,0,1,1,73,99073,Leon (County),17815,17811,17824,
4337,2017,Hurricane,HURRICANE IRMA,1,0,1,1,19,99019,Clay (County),17419,17413,17458,
4337,2017,Hurricane,HURRICANE IRMA,1,0,1,1,55,99055,Highlands (County),17419,17413,17458,
4337,2017,Hurricane,HURRICANE IRMA,1,0,1,1,101,99101,Pasco (County),17419,17413,17458,
4337,2017,Hurricane,HURRICANE IRMA,1,0,1,1,35,99035,Flagler (County),17419,17413,17458,
4337,2017,Hurricane,HURRICANE IRMA,0,0,1,1,63,99063,Jackson (County),17419,17413,17458,
4341,2017,Hurricane,HURRICANE IRMA - SEMINOLE TRIBE OF FLORIDA,1,0,1,1,0,6400,Big Cypress Indian Reservation,17436,17413,17444,
4337,2017,Hurricane,HURRICANE IRMA,1,0,1,1,51,99051,Hendry (County),17419,17413,17458,
4337,2017,Hurricane,HURRICANE IRMA,0,0,1,1,45,99045,Gulf (County),17419,17413,17458,
4337,2017,Hurricane,HURRICANE IRMA,0,0,1,1,5,99005,Bay (County),17419,17413,17458,
4337,2017,Hurricane,HURRICANE IRMA,1,0,1,1,81,99081,Manatee (County),17419,17413,17458,
4337,2017,Hurricane,HURRICANE IRMA,1,0,1,1,111,99111,St. Lucie (County),17419,17413,17458,
4337,2017,Hurricane,HURRICANE IRMA,0,0,1,1,39,99039,Gadsden (County),17419,17413,17458,
4337,2017,Hurricane,HURRICANE IRMA,1,0,1,1,97,99097,Osceola (County),17419,17413,17458,
4337,2017,Hurricane,HURRICANE IRMA,1,0,1,1,117,99117,Seminole (County),17419,17413,17458,
4337,2017,Hurricane,HURRICANE IRMA,1,0,1,1,61,99061,Indian River (County),17419,17413,17458,
4337,2017,Hurricane,HURRICANE IRMA,1,0,1,1,67,99067,Lafayette (County),17419,17413,17458,
4337,2017,Hurricane,HURRICANE IRMA,1,0,1,1,47,99047,Hamilton (County),17419,17413,17458,
4337,2017,Hurricane,HURRICANE IRMA,1,0,1,1,53,99053,Hernando (County),17419,17413,17458,
4337,2017,Hurricane,HURRICANE IRMA,0,0,1,1,73,99073,Leon (County),17419,17413,17458,
4337,2017,Hurricane,HURRICANE IRMA,0,0,1,1,91,99091,Okaloosa (County),17419,17413,17458,
4341,2017,Hurricane,HURRICANE IRMA - SEMINOLE TRIBE OF FLORIDA,1,0,1,1,0,71038,Tampa Reservation,17436,17413,17444,
4337,2017,Hurricane,HURRICANE IRMA,1,0,1,1,105,99105,Polk (County),17419,17413,17458,
4337,2017,Hurricane,HURRICANE IRMA,1,0,1,1,57,99057,Hillsborough (County),17419,17413,17458,
4337,2017,Hurricane,HURRICANE IRMA,1,0,1,1,121,99121,Suwannee (County),17419,17413,17458,
4337,2017,Hurricane,HURRICANE IRMA,1,0,1,1,43,99043,Glades (County),17419,17413,17458,
4337,2017,Hurricane,HURRICANE IRMA,0,0,1,1,13,99013,Calhoun (County),17419,17413,17458,
4337,2017,Hurricane,HURRICANE IRMA,1,0,1,1,27,99027,DeSoto (County),17419,17413,17458,
4337,2017,Hurricane,HURRICANE IRMA,1,0,1,1,21,99021,Collier (County),17419,17413,17458,
4337,2017,Hurricane,HURRICANE IRMA,1,0,1,1,29,99029,Dixie (County),17419,17413,17458,
4337,2017,Hurricane,HURRICANE IRMA,1,0,1,1,119,99119,Sumter (County),17419,17413,17458,
4337,2017,Hurricane,HURRICANE IRMA,0,0,1,1,79,99079,Madison (County),17419,17413,17458,
4341,2017,Hurricane,HURRICANE IRMA - SEMINOLE TRIBE OF FLORIDA,1,0,1,1,0,33260,Immokalee Indian Reservation,17436,17413,17444,
4337,2017,Hurricane,HURRICANE IRMA,1,0,1,1,85,99085,Martin (County),17419,17413,17458,
4337,2017,Hurricane,HURRICANE IRMA,1,0,1,1,127,99127,Volusia (County),17419,17413,17458,
4337,2017,Hurricane,HURRICANE IRMA,0,0,1,1,65,99065,Jefferson (County),17419,17413,17458,
4337,2017,Hurricane,HURRICANE IRMA,1,0,1,1,17,99017,Citrus (County),17419,17413,17458,
4337,2017,Hurricane,HURRICANE IRMA,0,0,1,1,33,99033,Escambia (County),17419,17413,17458,
4337,2017,Hurricane,HURRICANE IRMA,0,0,1,1,131,99131,Walton (County),17419,17413,17458,
4337,2017,Hurricane,HURRICANE IRMA,1,0,1,1,3,99003,Baker (County),17419,17413,17458,
4399,2019,Hurricane,HURRICANE MICHAEL,1,0,1,1,39,99039,Gadsden (County),17815,17811,17824,
4337,2017,Hurricane,HURRICANE IRMA,1,0,1,1,103,99103,Pinellas (County),17419,17413,17458,
4399,2019,Hurricane,HURRICANE MICHAEL,1,0,1,1,37,99037,Franklin (County),17815,17811,17824,
4337,2017,Hurricane,HURRICANE IRMA,1,0,1,1,93,99093,Okeechobee (County),17419,17413,17458,
4337,2017,Hurricane,HURRICANE IRMA,1,0,1,1,99,99099,Palm Beach (County),17419,17413,17458,
4399,2019,Hurricane,HURRICANE MICHAEL,0,0,1,1,65,99065,Jefferson (County),17815,17811,17824,
4399,2019,Hurricane,HURRICANE MICHAEL,0,0,1,1,121,99121,Suwannee (County),17815,17811,17824,
4337,2017,Hurricane,HURRICANE IRMA,1,0,1,1,11,99011,Broward (County),17419,17413,17458,
4399,2019,Hurricane,HURRICANE MICHAEL,1,0,1,1,59,99059,Holmes (County),17815,17811,17824,
4399,2019,Hurricane,HURRICANE MICHAEL,1,0,1,1,133,99133,Washington (County),17815,17811,17824,
4399,2019,Hurricane,HURRICANE MICHAEL,1,0,1,1,77,99077,Liberty (County),17815,17811,17824,
4399,2019,Hurricane,HURRICANE MICHAEL,1,0,1,1,45,99045,Gulf (County),17815,17811,17824,
4399,2019,Hurricane,HURRICANE MICHAEL,1,0,1,1,5,99005,Bay (County),17815,17811,17824,
4399,2019,Hurricane,HURRICANE MICHAEL,1,0,1,1,13,99013,Calhoun (County),17815,17811,17824,
4399,2019,Hurricane,HURRICANE MICHAEL,1,0,1,1,129,99129,Wakulla (County),17815,17811,17824,
4399,2019,Hurricane,HURRICANE MICHAEL,0,0,1,0,91,99091,Okaloosa (County),17815,17811,17824,
4399,2019,Hurricane,HURRICANE MICHAEL,1,0,1,1,63,99063,Jackson (County),17815,17811,17824,
4399,2019,Hurricane,HURRICANE MICHAEL,1,0,1,1,123,99123,Taylor (County),17815,17811,17824,
4341,2017,Hurricane,HURRICANE IRMA - SEMINOLE TRIBE OF FLORIDA,1,0,1,1,0,24330,Fort Pierce Indian Reservation,17436,17413,17444,
4399,2019,Hurricane,HURRICANE MICHAEL,0,0,1,0,131,99131,Walton (County),17815,17811,17824,
4337,2017,Hurricane,HURRICANE IRMA,0,0,1,1,133,99133,Washington (County),17419,17413,17458,
4341,2017,Hurricane,HURRICANE IRMA - SEMINOLE TRIBE OF FLORIDA,1,0,1,1,0,8550,Brighton Indian Reservation,17436,17413,17444,
4399,2019,Hurricane,HURRICANE MICHAEL,0,0,1,1,79,99079,Madison (County),17815,17811,17824,
4337,2017,Hurricane,HURRICANE IRMA,1,0,1,1,95,99095,Orange (County),17419,17413,17458,
3419,2019,Hurricane,HURRICANE DORIAN,0,0,1,0,99,99099,Palm Beach (County),18138,18136,18148,
3419,2019,Hurricane,HURRICANE DORIAN,0,0,1,0,33,99033,Escambia (County),18138,18136,18148,
3419,2019,Hurricane,HURRICANE DORIAN,0,0,1,0,1,99001,Alachua (County),18138,18136,18148,
3419,2019,Hurricane,HURRICANE DORIAN,0,0,1,0,91,99091,Okaloosa (County),18138,18136,18148,
3419,2019,Hurricane,HURRICANE DORIAN,0,0,1,0,97,99097,Osceola (County),18138,18136,18148,
3419,2019,Hurricane,HURRICANE DORIAN,0,0,1,0,15,99015,Charlotte (County),18138,18136,18148,
3419,2019,Hurricane,HURRICANE DORIAN,0,0,1,0,35,99035,Flagler (County),18138,18136,18148,
3419,2019,Hurricane,HURRICANE DORIAN,0,0,1,0,27,99027,DeSoto (County),18138,18136,18148,
3419,2019,Hurricane,HURRICANE DORIAN,0,0,1,0,73,99073,Leon (County),18138,18136,18148,
3419,2019,Hurricane,HURRICANE DORIAN,0,0,1,0,89,99089,Nassau (County),18138,18136,18148,
3419,2019,Hurricane,HURRICANE DORIAN,0,0,1,0,47,99047,Hamilton (County),18138,18136,18148,
3419,2019,Hurricane,HURRICANE DORIAN,0,0,1,0,49,99049,Hardee (County),18138,18136,18148,
3419,2019,Hurricane,HURRICANE DORIAN,0,0,1,0,21,99021,Collier (County),18138,18136,18148,
3419,2019,Hurricane,HURRICANE DORIAN,0,0,1,0,79,99079,Madison (County),18138,18136,18148,
3419,2019,Hurricane,HURRICANE DORIAN,0,0,1,0,71,99071,Lee (County),18138,18136,18148,
3419,2019,Hurricane,HURRICANE DORIAN,0,0,1,0,117,99117,Seminole (County),18138,18136,18148,
3419,2019,Hurricane,HURRICANE DORIAN,0,0,1,0,51,99051,Hendry (County),18138,18136,18148,
3419,2019,Hurricane,HURRICANE DORIAN,0,0,1,0,3,99003,Baker (County),18138,18136,18148,
3419,2019,Hurricane,HURRICANE DORIAN,0,0,1,0,119,99119,Sumter (County),18138,18136,18148,
3419,2019,Hurricane,HURRICANE DORIAN,0,0,1,0,93,99093,Okeechobee (County),18138,18136,18148,
3419,2019,Hurricane,HURRICANE DORIAN,0,0,1,0,43,99043,Glades (County),18138,18136,18148,
3419,2019,Hurricane,HURRICANE DORIAN,0,0,1,0,113,99113,Santa Rosa (County),18138,18136,18148,
3419,2019,Hurricane,HURRICANE DORIAN,0,0,1,0,121,99121,Suwannee (County),18138,18136,18148,
3419,2019,Hurricane,HURRICANE DORIAN,0,0,1,0,127,99127,Volusia (County),18138,18136,18148,
3419,2019,Hurricane,HURRICANE DORIAN,0,0,1,0,129,99129,Wakulla (County),18138,18136,18148,
3419,2019,Hurricane,HURRICANE DORIAN,0,0,1,0,13,99013,Calhoun (County),18138,18136,18148,
3419,2019,Hurricane,HURRICANE DORIAN,0,0,1,0,81,99081,Manatee (County),18138,18136,18148,
3419,2019,Hurricane,HURRICANE DORIAN,0,0,1,0,109,99109,St. Johns (County),18138,18136,18148,
3419,2019,Hurricane,HURRICANE DORIAN,0,0,1,0,75,99075,Levy (County),18138,18136,18148,
3419,2019,Hurricane,HURRICANE DORIAN,0,0,1,0,86,99086,Miami-Dade (County),18138,18136,18148,
3419,2019,Hurricane,HURRICANE DORIAN,0,0,1,0,111,99111,St. Lucie (County),18138,18136,18148,
3419,2019,Hurricane,HURRICANE DORIAN,0,0,1,0,31,99031,Duval (County),18138,18136,18148,
3419,2019,Hurricane,HURRICANE DORIAN,0,0,1,0,53,99053,Hernando (County),18138,18136,18148,
3419,2019,Hurricane,HURRICANE DORIAN,0,0,1,0,41,99041,Gilchrist (County),18138,18136,18148,
3419,2019,Hurricane,HURRICANE DORIAN,0,0,1,0,101,99101,Pasco (County),18138,18136,18148,
3419,2019,Hurricane,HURRICANE DORIAN,0,0,1,0,95,99095,Orange (County),18138,18136,18148,
3419,2019,Hurricane,HURRICANE DORIAN,0,0,1,0,9,99009,Brevard (County),18138,18136,18148,
3419,2019,Hurricane,HURRICANE DORIAN,0,0,1,0,131,99131,Walton (County),18138,18136,18148,
3419,2019,Hurricane,HURRICANE DORIAN,0,0,1,0,11,99011,Broward (County),18138,18136,18148,
3419,2019,Hurricane,HURRICANE DORIAN,0,0,1,0,59,99059,Holmes (County),18138,18136,18148,
3419,2019,Hurricane,HURRICANE DORIAN,0,0,1,0,37,99037,Franklin (County),18138,18136,18148,
3419,2019,Hurricane,HURRICANE DORIAN,0,0,1,0,65,99065,Jefferson (County),18138,18136,18148,
3419,2019,Hurricane,HURRICANE DORIAN,0,0,1,0,61,99061,Indian River (County),18138,18136,18148,
3419,2019,Hurricane,HURRICANE DORIAN,0,0,1,0,57,99057,Hillsborough (County),18138,18136,18148,
3419,2019,Hurricane,HURRICANE DORIAN,0,0,1,0,133,99133,Washington (County),18138,18136,18148,
3419,2019,Hurricane,HURRICANE DORIAN,0,0,1,0,87,99087,Monroe (County),18138,18136,18148,
3419,2019,Hurricane,HURRICANE DORIAN,0,0,1,0,63,99063,Jackson (County),18138,18136,18148,
3419,2019,Hurricane,HURRICANE DORIAN,0,0,1,0,67,99067,Lafayette (County),18138,18136,18148,
3419,2019,Hurricane,HURRICANE DORIAN,0,0,1,0,107,99107,Putnam (County),18138,18136,18148,
3419,2019,Hurricane,HURRICANE DORIAN,0,0,1,0,115,99115,Sarasota (County),18138,18136,18148,
3419,2019,Hurricane,HURRICANE DORIAN,0,0,1,0,29,99029,Dixie (County),18138,18136,18148,
3419,2019,Hurricane,HURRICANE DORIAN,0,0,1,0,39,99039,Gadsden (County),18138,18136,18148,
3419,2019,Hurricane,HURRICANE DORIAN,0,0,1,0,103,99103,Pinellas (County),18138,18136,18148,
3419,2019,Hurricane,HURRICANE DORIAN,0,0,1,0,123,99123,Taylor (County),18138,18136,18148,
3419,2019,Hurricane,HURRICANE DORIAN,0,0,1,0,125,99125,Union (County),18138,18136,18148,
3419,2019,Hurricane,HURRICANE DORIAN,0,0,1,0,45,99045,Gulf (County),18138,18136,18148,
3419,2019,Hurricane,HURRICANE DORIAN,0,0,1,0,55,99055,Highlands (County),18138,18136,18148,
3419,2019,Hurricane,HURRICANE DORIAN,0,0,1,0,7,99007,Bradford (County),18138,18136,18148,
3419,2019,Hurricane,HURRICANE DORIAN,0,0,1,0,23,99023,Columbia (County),18138,18136,18148,
3419,2019,Hurricane,HURRICANE DORIAN,0,0,1,0,5,99005,Bay (County),18138,18136,18148,
3419,2019,Hurricane,HURRICANE DORIAN,0,0,1,0,85,99085,Martin (County),18138,18136,18148,
3419,2019,Hurricane,HURRICANE DORIAN,0,0,1,0,105,99105,Polk (County),18138,18136,18148,
3419,2019,Hurricane,HURRICANE DORIAN,0,0,1,0,77,99077,Liberty (County),18138,18136,18148,
3419,2019,Hurricane,HURRICANE DORIAN,0,0,1,0,83,99083,Marion (County),18138,18136,18148,
3419,2019,Hurricane,HURRICANE DORIAN,0,0,1,0,69,99069,Lake (County),18138,18136,18148,
3419,2019,Hurricane,HURRICANE DORIAN,0,0,1,0,19,99019,Clay (County),18138,18136,18148,
3419,2019,Hurricane,HURRICANE DORIAN,0,0,1,0,17,99017,Citrus (County),18138,18136,18148,
3420,2019,Hurricane,HURRICANE DORIAN,0,0,1,0,0,24330,Fort Pierce Indian Reservation,18139,18136,18143,
3420,2019,Hurricane,HURRICANE DORIAN,0,0,1,0,0,6400,Big Cypress Indian Reservation,18139,18136,18143,
3420,2019,Hurricane,HURRICANE DORIAN,0,0,1,0,0,71038,Tampa Reservation,18139,18136,18143,
3420,2019,Hurricane,HURRICANE DORIAN,0,0,1,0,0,8550,Brighton Indian Reservation,18139,18136,18143,
3420,2019,Hurricane,HURRICANE DORIAN,0,0,1,0,0,32125,Hollywood Indian Reservation,18139,18136,18143,
3420,2019,Hurricane,HURRICANE DORIAN,0,0,1,0,0,33260,Immokalee Indian Reservation,18139,18136,18143,
4468,2020,Hurricane,HURRICANE DORIAN,0,0,1,1,85,99085,Martin (County),18190,18136,18148,
4468,2020,Hurricane,HURRICANE DORIAN,0,0,1,1,117,99117,Seminole (County),18190,18136,18148,
4468,2020,Hurricane,HURRICANE DORIAN,0,0,1,1,111,99111,St. Lucie (County),18190,18136,18148,
4468,2020,Hurricane,HURRICANE DORIAN,0,0,1,1,109,99109,St. Johns (County),18190,18136,18148,
4468,2020,Hurricane,HURRICANE DORIAN,0,0,1,1,99,99099,Palm Beach (County),18190,18136,18148,
4468,2020,Hurricane,HURRICANE DORIAN,0,0,1,1,89,99089,Nassau (County),18190,18136,18148,
4468,2020,Hurricane,HURRICANE DORIAN,0,0,1,1,35,99035,Flagler (County),18190,18136,18148,
4468,2020,Hurricane,HURRICANE DORIAN,0,0,1,1,97,99097,Osceola (County),18190,18136,18148,
4468,2020,Hurricane,HURRICANE DORIAN,0,0,1,1,107,99107,Putnam (County),18190,18136,18148,
4468,2020,Hurricane,HURRICANE DORIAN,0,0,1,1,61,99061,Indian River (County),18190,18136,18148,
4468,2020,Hurricane,HURRICANE DORIAN,0,0,1,1,9,99009,Brevard (County),18190,18136,18148,
4468,2020,Hurricane,HURRICANE DORIAN,0,0,1,1,31,99031,Duval (County),18190,18136,18148,
4468,2020,Hurricane,HURRICANE DORIAN,0,0,1,1,11,99011,Broward (County),18190,18136,18148,
4468,2020,Hurricane,HURRICANE DORIAN,0,0,1,1,127,99127,Volusia (County),18190,18136,18148,
3533,2020,Hurricane,HURRICANE ISAIAS,0,0,1,0,9,99009,Brevard (County),18475,18475,18479,
3533,2020,Hurricane,HURRICANE ISAIAS,0,0,1,0,19,99019,Clay (County),18475,18475,18479,
3533,2020,Hurricane,HURRICANE ISAIAS,0,0,1,0,31,99031,Duval (County),18475,18475,18479,
3533,2020,Hurricane,HURRICANE ISAIAS,0,0,1,0,86,99086,Miami-Dade (County),18475,18475,18479,
3533,2020,Hurricane,HURRICANE ISAIAS,0,0,1,0,11,99011,Broward (County),18475,18475,18479,
3533,2020,Hurricane,HURRICANE ISAIAS,0,0,1,0,89,99089,Nassau (County),18475,18475,18479,
3533,2020,Hurricane,HURRICANE ISAIAS,0,0,1,0,97,99097,Osceola (County),18475,18475,18479,
3533,2020,Hurricane,HURRICANE ISAIAS,0,0,1,0,35,99035,Flagler (County),18475,18475,18479,
3533,2020,Hurricane,HURRICANE ISAIAS,0,0,1,0,85,99085,Martin (County),18475,18475,18479,
3533,2020,Hurricane,HURRICANE ISAIAS,0,0,1,0,93,99093,Okeechobee (County),18475,18475,18479,
3533,2020,Hurricane,HURRICANE ISAIAS,0,0,1,0,61,99061,Indian River (County),18475,18475,18479,
3533,2020,Hurricane,HURRICANE ISAIAS,0,0,1,0,107,99107,Putnam (County),18475,18475,18479,
3533,2020,Hurricane,HURRICANE ISAIAS,0,0,1,0,87,99087,Monroe (County),18475,18475,18479,
3533,2020,Hurricane,HURRICANE ISAIAS,0,0,1,0,111,99111,St. Lucie (County),18475,18475,18479,
3533,2020,Hurricane,HURRICANE ISAIAS,0,0,1,0,95,99095,Orange (County),18475,18475,18479,
3533,2020,Hurricane,HURRICANE ISAIAS,0,0,1,0,117,99117,Seminole (County),18475,18475,18479,
3533,2020,Hurricane,HURRICANE ISAIAS,0,0,1,0,127,99127,Volusia (County),18475,18475,18479,
3533,2020,Hurricane,HURRICANE ISAIAS,0,0,1,0,99,99099,Palm Beach (County),18475,18475,18479,
3533,2020,Hurricane,HURRICANE ISAIAS,0,0,1,0,109,99109,St. Johns (County),18475,18475,18479,